h,Timestamp,ID,Tinggal di PPR semenjak,"Bagi responden yang tinggal di PPR kurang daripada 12 bulan, sila nyatakan tempoh dalam bulan:",Air,Elektrik,Telefon,"Jumlah tanggungan bil telefon, sila nyatakan:",Internet (unifi/maxis/lain-lain),Anggaran perbelanjaan perubatan sekeluarga sebulan,Anggaran perbelanjaan makanan asas sekeluarga sebulan,Anggaran penjagaan dan perbelanjaan anak dalam sebulan [Susu],Anggaran penjagaan dan perbelanjaan anak dalam sebulan [Lampin],Anggaran penjagaan dan perbelanjaan anak dalam sebulan [Tambang bas],Anggaran penjagaan dan perbelanjaan anak dalam sebulan [Yuran sekolah],Anggaran penjagaan dan perbelanjaan anak dalam sebulan [Duit makan sekolah],Anggaran penjagaan dan perbelanjaan anak dalam sebulan [Alat menulis],Anggaran penjagaan dan perbelanjaan anak dalam sebulan [Buku termasuk buku latihan],Adakah anda mempunyai kanak-kanak bawah umur 12 yang belum terima vaksinasi?,Adakah anda menghadapi masalah tikus di rumah ataupun di tingkat rumah anda?,Adakah anda mengenali mana-mana ahli keluarga yang jatuh sakit kerana kencing tikus?,Adakah anda mengenali mana-mana ahli keluarga yang jatuh sakit kerana denggi?,Adakah masalah tikus di persekitaran PPR sudah mencapai tahap yang serius?,"Jikalau ada apa-apa masalah serangga atau haiwan perosak selain dari nyamuk dan tikus, sila nyatakan:",Sumber air bersih atau tidak?,Apakah cadangan mencegah membaling sampah kebawah dari atas?,Adakah rumah anda pernah dipecah masuk?,Pernahkah ahli keluarga menjadi mangsa jenayah di Kota Damansara,"Jikalau ada, nyatakan jenis jenayah:",Adakah terdapat aktiviti yang berkaitan dengan dadah di kawasan PPR?,Adakah isi rumah umur 17 ke bawah yang meninggal dunia?,"Jika ada, sila nyatakan sebab:","Sekiranya ada berlaku kematian oleh salah seorang dari ahli keluarga anda yang berumur 17 kebawah, sila nyatakan lokasi:",Tarikh survey ini di isikan oleh enumerator atau responden
0,28/04/2016 23:36,0b41d28f280fbd90eea7459126e26a8ea88f3cdb107eca8408210a09cbad9964,5,,< 20,< 50,,,0,,< 500,,,< 100,< 100,,,150 ke atas,Ya,Tidak,,Tidak,Ya,,Tidak,Mengenakan denda,Tidak,Tidak,,Tidak,Tidak,,,18/02/2016
1,26/04/2016 12:51,54a07d349977ec9106489afeeb1b879dbdc943e65de4f41b27f11e9e3e73758e,10,,< 20,< 75,,,150 ke atas,,,,,,,,,,,Tidak,Tidak,Tidak,Ya,,Tidak,,Tidak,Tidak,,Ya,Tidak,,,17/02/2016
2,01/09/2016 12:17,a50436d1b3e4d84107ec2e240b03b0d15629360d230d8ef5b0bffc4fb138d698,7,,< 20,< 50,,,0,< 50,< 500,0,0,< 100,< 125,< 100,0,< 100,Tidak,Tidak,Tidak,Tidak,Ya,lipas,Tidak,Memasang cctv,Tidak,Tidak,,Ya,Ya,Kemalangan,Tempat lain,17/02/2016
3,31/03/2016 15:47,22ce77f869b8f7ba7100491cd5a7194481203bafa0d3fa3d1fb23dbd99d39696,14,,< 20,< 50,,,,,< 700,,,,,< 100,,,Tidak,Tidak,Tidak,Tidak,Ya,,Ya,Memasang cctv,Tidak,Tidak,,Ya,Tidak,,,19/02/2016
4,26/04/2016 11:12,a456bc47bfd9f78bbefe3516cd5cb65f580de2ae3c69963c0693fbd89f608c68,12,,< 20,< 50,,,,,< 700,,,,,,,,,Tidak,Tidak,Tidak,Ya,,Ya,Memasang cctv,Tidak,Tidak,,Ya,Tidak,,,17/02/2016
5,26/04/2016 11:16,79e63dfe1b9be7d02ca53c25e295b6f2878ef0d46e84aa5b094249225eca651b,8,,< 20,< 50,,,,< 100,< 500,,,,,,,,Tidak,Tidak,Tidak,Tidak,Ya,lipas,Tidak,Memasang cctv,Tidak,Tidak,,Ya,Tidak,,,16/02/2016
6,26/04/2016 11:20,eccc0ea37cedaf818b06ec7bc7067ea045ec351a2c824774a8e2294a8ced18ab,9,,< 60,< 50,,,< 125,,800 ke atas,,,,,150 ke atas,,,Tidak,Tidak,Tidak,Tidak,Ya,bil air melambung-lambung terlampau. sampah merata-rata ditengah tingkat 4. lipas.,Ya,Memasang cctv,Tidak,Tidak,,Ya,Tidak,,,21/02/2016
7,28/04/2016 23:58,34d0adc1e28dec3960989c5ba32fc4e5e38ad58dee472ccd2b68b39cd8d63f6f,5,,< 20,< 50,,,0,< 100,< 500,< 100,< 100,,,,,,Tidak tahu,Tidak,Tidak,Tidak,Ya,tiada,Ya,Memasang cctv,Tidak,Tidak,,Ya,Tidak,,,18/02/2016
8,01/09/2016 11:06,f197a66df30cd9a7ca821def68e9c9d8afcc5ece98ed1001cd1b037ad8c117f1,13,,< 40,< 75,,,0,0,< 500,,,,< 100,< 100,< 100,< 100,Tidak,Ya,Tidak,Ya,Ya,lipas,Ya,Menyediakan tong sampah yang mencukupi disetiap tingkat,Tidak,Tidak,,Ya,Tidak,,,17/02/2016
9,28/04/2016 21:53,e3f72e333506f919b222baeb34d35ac5128d5cb870909fc83b00f7f97c714958,20,,< 40,< 100,,,< 150,200 ke atas,800 ke atas,0,0,0,150 ke atas,150 ke atas,0,0,Tidak,Tidak,Tidak,Tidak,Ya,,Tidak,Memasang cctv,Tidak,Tidak,,Ya,Tidak,,,15/02/2016
10,26/04/2016 12:23,466ebd652463f1efd6cafe309219bf6b6667725e7b2ed0c241d501031389dc78,10,,< 20,< 50,,,0,,< 500,,,,,,,,Tidak tahu,Tidak,Tidak,Tidak,Ya,lipas,Ya,Memasang cctv,Tidak,Tidak,,Ya,Tidak,,,16/02/2016
11,26/04/2016 12:44,64031a234b117442fcee82751896da532c4dfaeaeb52c58ef4f85e569ed83234,12,,< 20,< 125,,,0,0,< 500,,,,,,,,Tidak tahu,Tidak,Tidak,Tidak,Ya,,Tidak,Memasang cctv,Tidak,Tidak,,Ya,Tidak,,,17/02/2016
12,13/09/2016 14:58,0d0dca6734d164597c627e631c1623f568d30198f39f6ae559cffcad5cf323de,,2013,< 60,< 50,,,0,< 50,< 500,0,0,< 100,< 150,150 ke atas,< 100,< 150,Tidak,Tidak,Tidak,Ya,Ya,lipas,Tidak,Memasang cctv,Ya,Tidak,,Ya,Tidak,,,02/06/2016
13,01/09/2016 13:28,a7af81567030c9d3e084ebaca70c935c3ba1588b82ca6d546b46cb24e5488234,5,,< 40,< 75,,,0,< 50,< 500,150 ke atas,< 125,,,< 100,,,Ya,Tidak,Tidak,Tidak,Ya,lipas,Tidak,Memasang cctv,Tidak,Tidak,,Ya,Tidak,,,
14,01/09/2016 11:40,44a23c3a96dfb245f96464c36666947ba45f69bb6d6c9d3ecc488a770ccee874,0,,< 20,< 75,,,0,< 50,< 700,0,0,< 100,< 125,150 ke atas,< 100,150 ke atas,Ya,Tidak,Tidak,Tidak,Tidak,,Tidak,Menyediakan tong sampah yang mencukupi disetiap tingkat,Tidak,Tidak,,Ya,Tidak,,,15/02/2016
15,26/04/2016 10:36,23c633ad7061f56fa5bde13e5e2472df99bfd743bf8899c493f4de6bd1c4bef6,13,,< 20,< 50,,,,< 100,< 800,< 100,,< 100,,150 ke atas,,,Tidak,Tidak,Tidak,Tidak,Ya,,Tidak,Memasang cctv,Ya,Tidak,,,,,,16/02/2016
16,26/04/2016 11:05,111652e986b802063babc2986d4af0869c5231526c52698b1dccb5d58ad3d1d2,11,,< 20,< 50,,,< 150,< 100,< 700,,,,,< 150,,,,Tidak,Tidak,Tidak,Ya,,Ya,Memasang cctv,Tidak,,,Ya,,,,15/02/2016
17,26/04/2016 12:57,cd42b2592b31f89d7f0db40b946ba211ae9f8d41b0d448025a53952573aef72c,13,,< 20,< 125,,,,200 ke atas,,,,,,,,,,Tidak,Tidak,Tidak,Ya,,Tidak,Memasang cctv,Tidak,Tidak,,Ya,Tidak,,,17/02/2016
18,18/04/2016 23:57,bb446d3c45e8426d04b3c58c1544906482167e8b32476a809058f913ddc3dfa1,6,,< 20,< 50,,,0,0,< 500,,,,,,,,Tidak tahu,Tidak,Tidak,Tidak,Ya,lipas,Tidak,Memasang cctv,Tidak,Tidak,,Ya,Tidak,,,24/02/2016
19,26/04/2016 12:21,61e82f73bd87df75543f6ce71d55fa457b710c23c5bf6b4d411b91901b0a11db,9,,< 40,< 75,,,0,< 100,< 500,,,,,,,,Tidak,Tidak,Tidak,Tidak,Tidak,lipas,Ya,Mengenakan denda,Tidak,Tidak,,Tidak,Tidak,,,20/02/2016
20,01/09/2016 14:35,71ee02d230bb09551d8b8adc10f6c909fc758b3c4b33d78c993d20d0f14766a3,10,,< 40,< 100,,,< 150,< 100,800 ke atas,0,0,0,150 ke atas,< 150,< 100,150 ke atas,Tidak tahu,Ya,Tidak,Ya,Ya,lipas,Tidak,Memasang cctv,Tidak,Tidak,,Tidak,Tidak,,,
21,26/04/2016 10:17,aaa3a0934aab484e01b294c87a69a0ebf7de00423970fd04d7a26d5cfc870f17,13,,< 20,< 50,,,< 100,< 50,800 ke atas,,,,,150 ke atas,,,Tidak,Tidak,Tidak,Tidak,Ya,,Tidak,Memasang cctv,Ya,Tidak,,Ya,Tidak,,,17/02/2016
22,22/08/2016 12:15,6a077ce49f8d2060d88f8e814c27fa0ad123afba644182fd2e55adb53e9e9296,15,,< 20,< 75,,,0,< 50,< 500,0,0,< 100,,,< 100,< 100,Ya,Tidak,Tidak,Tidak,Ya,"lipas, semut dan kucing",Tidak,Memasang cctv,Tidak,Tidak,,Ya,Tidak,,,17/02/2016
23,19/04/2016 0:26,ef110c962c3713f17d98b364de19b77806f3bc8aaac80aba61f9ed9e5cdb15b4,8,,< 20,< 75,,,,< 100,800 ke atas,< 150,< 125,< 100,< 125,< 125,< 150,< 150,Tidak tahu,Tidak,Tidak,Tidak,Ya,,Ya,Memasang cctv,Tidak,Tidak,,Ya,Tidak,,,23/02/2016
24,22/08/2016 16:50,9655e606fad46add2c57320af3404bde98600943680f1b824202caa1db0bbffd,12,,< 20,< 50,,,,,< 700,,,,,150 ke atas,,,Tidak,Tidak,Tidak,Tidak,Tidak,,Ya,Menyediakan tong sampah yang mencukupi disetiap tingkat,Tidak,Tidak,,Tidak,Tidak,,,16/02/2016
25,19/04/2016 18:23,5d0310b5c5c010b558612c243a5f2b939de28da67c0e3314ebfada3ac238cb5a,8,,< 20,< 75,,,,,< 800,< 100,150 ke atas,,,,,,,Tidak,Tidak,Tidak,Ya,lipas/cicak,Tidak,Menyediakan tong sampah yang mencukupi disetiap tingkat,Tidak,Tidak,,Ya,Tidak,,,20/02/2016
26,01/09/2016 12:53,53ac1eb483b811540502ed1609794d6c136f73b6717f1fafce0dc6c43fb967b3,16,,< 80,< 100,,,0,< 150,< 600,0,0,0,0,0,0,0,Tidak,Ya,Tidak,Tidak,Ya,,Tidak,Memasang cctv,Tidak,Tidak,,Tidak,Ya,Lain-lain,Tempat lain,17/02/2016
27,19/04/2016 0:41,9e5ec84bf7cff75bc002c4e303e4d25868870fa24cf60825f6da24b288a332c1,13,,< 20,< 100,,,0,0,< 700,,,,,< 100,,,Tidak tahu,Tidak,Tidak,Tidak,Ya,lipas,Tidak,Memasang cctv,Tidak,Tidak,,Ya,Tidak,,,24/02/2016
28,18/04/2016 23:12,c4f5afb9bec47f332926ea522f2f96bbd03b6b1a77226607b7afdb46819c3d1b,9,,< 40,< 75,,,0,< 50,800 ke atas,,,,,< 125,,,Tidak,Tidak,Tidak,Tidak,Ya,lipas,Ya,Memasang cctv,Ya,Tidak,,Ya,Tidak,,,24/02/2016
29,13/09/2016 16:03,d326d09451c582e91900280334c2f30228218d0c26b80246dcd03f4b9b8c6b02,2006,,< 20,< 50,,,0,< 100,< 600,0,0,0,150 ke atas,150 ke atas,< 100,< 100,Tidak,Ya,Tidak,Ya,Ya,lipas,Ya,Memasang cctv,Tidak,Tidak,,Ya,Tidak,,,03/03/2016
30,01/09/2016 11:13,23fc4f61b061a86cc3f4fb364b80f60e50408b19722c809574909138ad5488fe,8,,,,,,0,< 150,< 700,,,,,,,,Ya,Tidak,Tidak,Tidak,Ya,lipas,Ya,Memasang cctv,Tidak,Tidak,,Ya,,,,17/02/2016
31,22/08/2016 14:30,ed3d306579a9c7d07fad3de006fb2adf8adea8b5a90db0580541170c48e6f9ee,13,,< 40,< 100,,,0,< 100,800 ke atas,150 ke atas,< 150,< 150,150 ke atas,< 100,< 100,< 100,Ya,Tidak,Tidak,Ya,Ya,,Tidak,Menyediakan tong sampah yang mencukupi disetiap tingkat,Ya,Ya,Ragut,Ya,Tidak,,,17/02/2016
32,18/04/2016 23:05,9c56f3a5aabbae1c575aa7daecf02b00d0d4b460032d943bacc8842f2c45b355,10,,< 20,< 50,,,0,0,< 500,,,,,,,,Tidak tahu,Tidak,Tidak,Tidak,Ya,,Tidak,Memasang cctv,Tidak,Tidak,,Ya,Tidak,,,22/02/2016
33,22/08/2016 11:51,a8503edd040ef4340514ce919325877cd9403e4352aaa1782cdccd12ab3abcd3,10,,< 20,< 50,,,0,< 50,< 500,,,,,,,,Tidak,Tidak,Tidak,Tidak,Tidak,,Ya,Memasang cctv,Tidak,Tidak,,Tidak,Tidak,,,17/02/2016
34,13/09/2016 15:40,5b3eda6ea1547aee88ec0d4337de7fd1b9427c10998b84a9a208c6bf6548194e,2002,,< 40,< 75,,,0,< 100,< 600,0,0,< 100,< 100,< 150,< 100,< 100,Tidak,Ya,Tidak,Ya,Ya,lipas,Tidak,Memasang cctv,Tidak,Tidak,,Tidak,Tidak,,,04/03/2016
35,22/08/2016 12:40,e969906563bfe45d0c020d627b467f9d87d173553f4e0d5fdb1c6145d8059795,4,,< 20,125 ke atas,,,0,0,< 500,0,0,0,0,0,0,0,Tidak,Tidak,Tidak,Ya,Ya,lipas dan kucing,Tidak,Memasang cctv,Tidak,Tidak,,Ya,,,,15/02/2016
36,26/04/2016 10:53,682e6136a53759e3495d9bffebb4e4665449cb184b030be46e4f4207a20f69df,11,,0,,,,,,< 500,,,,,,,,Tidak tahu,Tidak,Tidak,Tidak,Ya,lipas,Tidak,Memasang cctv,Tidak,Tidak,,Ya,Tidak,,,20/02/2016
37,13/09/2016 16:45,d57b98bfd0670015dbbdbc634fa05b8842ad987cc5a04590219fa5b6e0f277f8,,9,< 40,< 75,,,0,< 50,< 500,0,0,< 100,< 150,150 ke atas,< 150,150 ke atas,Tidak,Tidak,Tidak,Tidak,Ya,lipas,Tidak,Mengenakan denda,Ya,Tidak,,Ya,Tidak,,,26/06/2016
38,26/04/2016 10:03,c388d6a63a0cc5aca1307b72aa8278c36461e32e4737f480bd50ccb31d9ae258,10,,< 20,< 50,,,,,< 500,,,,,< 150,,< 150,Tidak,Tidak,Tidak,Tidak,Ya,lipas,Tidak,Memasang cctv,Tidak,Tidak,,Ya,Tidak,,,18/02/2016
39,26/04/2016 12:28,c559994c9c7835aac28baa83fec247fbe67b017a370324cf8fd3e0909ac4c7d7,7,,< 20,< 50,,,,< 150,< 500,,,,,,,,Tidak tahu,Tidak,Tidak,Tidak,Ya,,Ya,Memasang cctv,Ya,Tidak,Rompak,Ya,Tidak,,,17/02/2016
40,26/04/2016 10:38,9502dee8466cf56e53cf7742e94318210dfdf8961e0e8cc05d9a97314cab5038,9,,< 20,< 50,,,,< 50,< 500,,,,,,,,Tidak tahu,Tidak,Tidak,Tidak,Ya,lipas,Ya,Memasang cctv,Tidak,Tidak,,Ya,Tidak,,,18/02/2016
41,22/08/2016 12:08,1ae668ef4390757b2d8b8d1309ee7511a6dfa0fca51c99c28c2b446a5f2f3802,0,3,< 60,< 50,,,0,< 50,< 500,< 100,< 125,< 100,< 100,150 ke atas,150 ke atas,150 ke atas,Tidak,Tidak,Tidak,Ya,Ya,,Ya,Memasang cctv,Tidak,Tidak,,Tidak,Tidak,,,16/02/2016
42,22/08/2016 12:50,9cb672b396e298377227c86068386b3b95c27a497ff87bb8b6f7547d6f154259,13,,< 20,< 75,,,0,< 100,< 800,,,,,,,,,Tidak,Tidak,Tidak,Ya,kucing,Tidak,Memasang cctv,Tidak,Tidak,,Ya,Tidak,,,17/02/2016
43,01/09/2016 13:10,5084fd5e6f57e6749fc693a2e6668a3ff21cac29dc05ec2b22e6245d9b7fe179,1,,< 20,< 75,,,0,rm300 ke atas,< 500,0,0,0,< 100,150 ke atas,0,< 100,Ya,Tidak,Tidak,Ya,Ya,"lipas, semut",Tidak,Memasang cctv,Tidak,Tidak,,Ya,Tidak,,,
44,22/08/2016 11:13,f37603ad4fcb7687350d39f41494992917795053ca87307885ea8c65b99a76f4,10,,< 40,tiada sumber letrik,,,0,< 50,< 500,0,0,0,< 100,< 100,< 100,< 100,Tidak,Tidak,Tidak,Ya,Ya,,Tidak,Memasang cctv,Tidak,Tidak,,Ya,Tidak,,,15/02/2016
45,29/04/2016 0:38,bcbf1c23fbe8405c3d443230cb849e38dc281a4274d7671c38ae0e66284ba67d,6,,< 20,< 50,,,0,0,< 500,0,0,0,0,0,0,0,Tidak,Tidak,Tidak,Tidak,Ya,,Ya,Menyediakan tong sampah yang mencukupi disetiap tingkat,Tidak,Tidak,,Tidak,Tidak,,,27/02/2016
46,19/04/2016 18:19,4c08c1e1c06fb5bafc50fe7e40f558fcdec000b1f837c9319e3068d157573eb0,12,,< 20,< 50,,,,,< 700,,,,,150 ke atas,,,Tidak,Tidak,Tidak,Tidak,Ya,,Ya,Memasang cctv,Tidak,Tidak,,Ya,Tidak,,,20/02/2016
47,29/04/2016 0:15,faa092add5b9222c603a469a9f7fc6fccc168d530a287a4f1c58f6afb155c39e,0,5,< 20,< 50,,,0,< 50,< 500,0,0,0,0,0,0,0,,Tidak,,Tidak,Ya,,Tidak,Mengenakan denda,Tidak,Tidak,,Ya,Tidak,,,20/02/2016
48,19/04/2016 0:23,14c62342aaebccde2d8050b663f70d42bc8a0696258557d4abd7c0d128e095c7,1,,,,,,0,< 150,< 500,,,,,150 ke atas,,,,Tidak,Tidak,Tidak,Ya,lipas/semut,Ya,Menyediakan tong sampah yang mencukupi disetiap tingkat,Ya,Tidak,,Ya,Tidak,,,
49,18/04/2016 23:01,d9d3781a24e110072f2b97dcf242bd3e1e122fbc0100a709d8713da3c80d7ea4,8,,< 20,< 50,,,0,< 50,< 700,,,,,150 ke atas,,,Tidak tahu,Tidak,Tidak,Tidak,Ya,lipas,Tidak,Memasang cctv,Tidak,Tidak,,Tidak,Tidak,,,24/02/2016
50,18/04/2016 23:15,4f76b298582aaf59df002b7e36ac13156221781bf98b68c49327bd162f27cc3d,1,,< 20,< 75,,,0,0,< 500,150 ke atas,,,< 100,,,,Tidak,Tidak,Tidak,Tidak,Ya,,Tidak,Memasang cctv,,,,Ya,Tidak,,,24/02/2016
51,01/09/2016 12:04,270e9874bcea6d6c3781b3c2940f7b964cf8049d90facd9ad081fe03288c12f4,8,,< 20,< 50,,,0,< 50,< 500,< 100,0,< 100,0,< 100,0,< 100,Tidak,Tidak,Tidak,Tidak,Ya,"lipas, kucing",Ya,Memasang cctv,Tidak,Tidak,,Ya,Tidak,,,17/02/2016
52,19/04/2016 17:34,b6629783783c44f83b64c0206ad8b5883ccec63f1bbeb8a07318e2a364f4b48e,10,,,,,,,,< 500,,,,,,,,,Tidak,Tidak,Tidak,Ya,lipas,Tidak,Memasang cctv,Tidak,Tidak,,Ya,Tidak,,,24/02/2016
53,01/09/2016 13:32,e0d060168ffead75d055a9fda542cdb861a30c9d3e51c42b1ae5afa9bfb1d83d,15,,< 40,< 125,,,0,200 ke atas,< 800,< 100,< 100,< 100,< 100,0,,< 100,Ya,Tidak,Tidak,Ya,Ya,kucing,Tidak,Memasang cctv,Tidak,Tidak,,Ya,Tidak,,,
54,31/03/2016 15:51,ee50613d23a9a9b992d7f5f75fa6389d169404bf97e48f120114f1765a4d9a06,15,,< 20,< 100,,,0,< 50,< 800,,,,< 100,150 ke atas,< 125,< 100,Tidak,Tidak,Tidak,Tidak,Ya,,Ya,Mengenakan denda,Tidak,Tidak,tiada,Ya,Tidak,Lain-lain,,03/03/2016
55,22/08/2016 15:45,9814323c9a79067ac2cef4e0c3b3313db8fb715a89e272c6b402d11080908a55,2,,< 20,< 50,,,0,< 50,< 600,,,150 ke atas,,150 ke atas,< 100,,,Tidak,Tidak,Tidak,Ya,,Tidak,Memasang cctv,Tidak,Tidak,,Ya,Tidak,,,15/02/2016
56,28/04/2016 23:41,b62b0f475d2fcf35f0a5b35bd017ab55926ab19f944a87d06a884c4435ef605e,1,,< 20,< 50,,,0,< 150,< 600,150 ke atas,150 ke atas,< 100,< 100,,< 100,,Tidak,Tidak,Tidak,Tidak,Ya,"lipas, cicak",Tidak,Mengenakan denda,Tidak,Tidak,,Tidak,Tidak,,,20/02/2016
57,22/08/2016 15:18,cfa3043bd58112801f223e1efdc3f5e699251f8eef9f3896df8ab6f9048d9a6b,11,,< 40,< 75,,,0,200 ke atas,< 600,,,150 ke atas,150 ke atas,150 ke atas,150 ke atas,150 ke atas,Tidak,Tidak,Tidak,Tidak,Ya,lipas,Ya,Memasang cctv,Tidak,Tidak,,Ya,,,,16/02/2016
58,01/09/2016 13:02,61cfd41b1b3f87900c4de1b711b9d23172c9e84b22bf6187c6735de6cfc92024,9,,< 60,125 ke atas,,,0,0,< 500,0,0,0,< 100,< 125,0,0,Tidak,Tidak,Tidak,Tidak,Ya,,Tidak,Memasang cctv,Tidak,Tidak,,Ya,Tidak,,,16/02/2016
59,29/04/2016 0:06,7847681d8839ac5f9efd9d5ddae427c75f0d941d1fd6a743b22570a611e12191,13,,80 ke atas,125 ke atas,,,0,0,< 500,0,0,0,0,0,0,0,Tidak tahu,Tidak,Tidak,Tidak,Ya,lipas,Ya,Memasang cctv,Tidak,Tidak,,Ya,Tidak,,,18/02/2016
60,13/09/2016 15:37,5ab7094e3fe83854dc9721a94e18a20d1cddde5304a22aee3d3fd90f06f330db,2007,,< 40,< 75,,,0,< 50,< 700,0,0,0,< 100,< 100,< 100,< 100,Tidak,Ya,Tidak,Ya,Ya,lipas,Tidak,Memasang cctv,Tidak,Ya,Ragut,Ya,Tidak,,,04/03/2016
61,01/09/2016 11:34,d28ac29c7811c14417a340b4d0f8adc1e52a3a1d511839bdaf968203ae930cd0,10,,< 40,< 100,,,0,200 ke atas,< 500,150 ke atas,150 ke atas,150 ke atas,,,,,Tidak,Tidak,Tidak,Tidak,Ya,lipas,Ya,Memasang cctv,Ya,Tidak,,Tidak,Tidak,Kesihatan,,15/02/2016
62,18/04/2016 22:53,1fe15bcbc6fca7cdc00dbc56b13d973c669e85210c2e6699935925733865e76d,4,,< 20,< 75,,,< 100,< 100,< 600,,,< 100,,< 100,,,Tidak,Tidak,Tidak,Tidak,Ya,,Tidak,Memasang cctv,Tidak,Tidak,,Ya,Tidak,,,16/02/2016
63,28/04/2016 23:38,49c58e181bbc726a36da2e245e6ebba5e93430c9924e68a9fe59880223723689,10,,80 ke atas,< 50,,,0,0,< 500,0,0,< 100,< 100,< 150,< 100,< 100,Tidak,Tidak,Tidak,Ya,Tidak,lipas,Ya,Menyediakan tong sampah yang mencukupi disetiap tingkat,Tidak,Tidak,,Tidak,Tidak,,,18/02/2016
64,22/08/2016 16:58,0e4cac9ff4ac94cb47345c8aa4ba566bc5fed90530a1b4a7685a7f54e27bacbb,15,,80 ke atas,< 50,,,,0,< 500,,,,,,,,,Ya,Tidak,Tidak,Ya,,,Memasang cctv,Tidak,Tidak,,Ya,,,Kawasan PPR,17/06/2016
65,01/09/2016 11:19,6ba88adf919cb99b0c29b7e121698a03b3bd3c436fe265412849670c5cac9c1f,7,,< 40,< 50,,,0,< 50,800 ke atas,,,< 100,150 ke atas,< 125,< 100,< 100,Ya,Tidak,Tidak,Ya,Ya,"lipas, lalat, nyamuk",Ya,Memasang cctv,Tidak,Tidak,,Ya,Tidak,,,17/02/2016
66,26/04/2016 10:51,691adc16dd2e8ae6f9c1ad9c1cde495d93781adbf835dd6d9af6e1dc6a79f21c,11,,,,,,0,< 150,< 700,,,,,,,,Tidak,Tidak,Tidak,Tidak,Ya,,Ya,Memasang cctv,Tidak,Tidak,,Ya,Tidak,,,17/02/2016
67,22/08/2016 14:06,550a3621767dce5f5593c235b902881318ac3f53f5ce1351140a0633ffcbc58f,4,,< 40,< 75,,,0,< 150,< 500,0,0,< 125,150 ke atas,< 100,0,0,Tidak tahu,Tidak,Tidak,Tidak,Ya,,Tidak,Memasang cctv,Tidak,Tidak,,Tidak,Tidak,,,15/02/2016
68,26/04/2016 11:03,e113e7c1cc6ff4bde816e9a87844a443619d25441d94cb7b4974b242b1dbee3a,14,,< 20,< 50,,,,< 50,< 800,< 100,< 100,,,< 150,,,Tidak tahu,Tidak,Tidak,Tidak,Ya,,Ya,Memasang cctv,Tidak,Tidak,,Ya,,,,15/02/2016
69,22/08/2016 15:08,cbe0fda96bd438efd86d2989de6eac568f0ba4b4cb0c6e21264ebbd6daeec1f4,3,,< 40,< 75,,,0,,,,,,,,,,Tidak,Tidak,Tidak,Tidak,Ya,lipas,Ya,Memasang cctv,Tidak,Tidak,,Ya,Ya,,Hospital,15/02/2016
70,22/08/2016 14:51,166574b68b2cc33a50e4acc87c835f3e04e8cb7d41126242acbbd34489e3f250,13,,< 40,< 50,,,0,,< 600,< 100,< 100,< 100,< 100,150 ke atas,0,0,Tidak,Tidak,Tidak,Tidak,Ya,semut dan lipas,Tidak,Memasang cctv,Tidak,Tidak,,Ya,Tidak,,,17/02/2016
71,13/09/2016 16:49,5b4fb62d1c5167190d952e47b221a51a50d50d5fbba6a48a3c538f45ccc9cdcf,2014,,< 20,< 75,,,0,< 150,< 500,0,0,< 100,< 100,< 100,< 100,< 125,Tidak,Tidak,Tidak,Tidak,Ya,"lipas, semut",Tidak,Memasang cctv,Tidak,Tidak,,Ya,Tidak,,,09/06/2016
72,26/04/2016 10:25,b89ad7233968d353ab00a31c15b7aacd573e5f4ef357fb9ebed81a76fd7339c8,13,,< 40,< 50,,,,< 100,800 ke atas,,,< 100,,< 150,,,Tidak,Ya,Tidak,Tidak,Ya,,Tidak,Memasang cctv,Tidak,Tidak,,Ya,Tidak,,,16/02/2016
73,01/09/2016 12:22,eb6ccc52e4e9ad3bafb4c38def6689fbfbef531e82651ec13539aac8611a5daa,14,,< 40,< 75,,,,< 50,< 700,0,0,0,,0,< 100,150 ke atas,Ya,Tidak,Tidak,Tidak,Ya,"lipas, kucing",Tidak,Memasang cctv,Tidak,Ya,mencuri kereta,Ya,Tidak,,,16/02/2016
74,22/08/2016 16:18,8b426c6a12e597919dfd6a49d76cf04b074a77000171ccfe80a5a6655d9a565b,2,,< 20,< 50,,,,,800 ke atas,,,,< 100,< 100,,,,Tidak,Tidak,Tidak,Tidak,"lipas, lalat dan nyamuk",Ya,Menyediakan tong sampah yang mencukupi disetiap tingkat,Tidak,Tidak,,,,,,16/02/2016
75,26/04/2016 13:16,74728f27bcc4b803dec2c99acde65d121708de2a224b61e9ec885daf693c0a67,11,,< 40,< 50,,,,,< 600,,,,,,,,,Tidak,Tidak,Tidak,Ya,,Tidak,Memasang cctv,Tidak,Tidak,,Ya,Tidak,,,17/02/2016
76,22/08/2016 13:19,e9209570b106c4197d90dd67514bd57c0fd277810b34cd806e8ed6fbcf18c19c,5,,< 20,tiada letrik,,,0,0,< 500,,,,,,,,Tidak,Tidak,Tidak,Tidak,Ya,kucing dan lipas,Tidak,Memasang cctv,Tidak,Tidak,,Ya,Tidak,,,15/02/2016
77,19/04/2016 17:30,618b1e9f01d8a3349dc201843555760b31d5a6ff8d4cbd2f970efe3b6848be60,14,,< 20,< 100,,,,,< 500,150 ke atas,< 100,,,,,,Tidak,Tidak,Tidak,Tidak,Ya,lipas,Tidak,Memasang cctv,Tidak,Tidak,,Ya,Tidak,,,24/02/2016
78,26/04/2016 10:06,ee21d59e3089894abeec9f4bb21ab1c135301e0229f3ffd3a7735f3e7293fe7a,6,,< 20,< 50,,,,,< 500,,,,,,,,Tidak tahu,Tidak,Tidak,Tidak,Ya,,Ya,Memasang cctv,Tidak,Tidak,,Ya,Tidak,,,16/02/2016
79,19/04/2016 0:00,b6dac6a86e82364aa5ea398a3c4e82cb0afa40987d84d5323f1df24e143c9c41,1,,< 20,< 50,,,0,0,< 500,< 100,< 100,< 100,,< 100,,,Tidak,Tidak,Tidak,Tidak,Ya,lipas,Tidak,Memasang cctv,Tidak,Tidak,,Ya,Tidak,,,22/02/2016
80,26/04/2016 11:10,5901c2c16e58a280d0592bab0559faf32e5ad05ce6dfbf1a86db03fa5b052844,12,,< 40,< 75,,,,< 50,< 500,,,,,< 100,,,,Tidak,Tidak,Tidak,Ya,,Ya,Memasang cctv,Tidak,Tidak,,Ya,,,,15/02/2016
81,13/09/2016 15:14,ac20455034a9dd34fe30c4f83503102692eb6aa15ece02d04ea0bcec86bd0aa2,2003,,< 40,< 75,,,0,< 150,< 600,0,0,0,0,0,0,0,Tidak,Ya,Tidak,Tidak,Ya,lipas,Tidak,Mengenakan denda,Tidak,Tidak,,Ya,Tidak,,,04/03/2016
82,29/04/2016 0:31,29ee130c131726775cf42c8c7426573b2fe9fe7c7a8342ae149868868ebf4b82,13,,< 20,< 50,,,0,< 100,,0,0,0,0,0,0,0,Tidak,Tidak,Tidak,Tidak,Ya,,Ya,Menyediakan tong sampah yang mencukupi disetiap tingkat,Tidak,Tidak,,Tidak,Tidak,,,28/02/2016
83,13/09/2016 14:55,3f8b3c3dc86f6df042cdbd646fe7ffe589d91f7a7b5628b8ffc74395e90c6aa7,5,,< 20,< 50,,,0,< 50,< 700,0,0,0,< 150,150 ke atas,< 150,150 ke atas,Tidak,Tidak,Tidak,Ya,Ya,"lipas, semut",Tidak,Memasang cctv,Tidak,Tidak,,Ya,Tidak,,,02/06/2016
84,18/04/2016 23:48,92a878c5dd99eaef36c4fc740387dad335796fa6876b3c3bda4e331906c7942e,13,,< 20,< 75,,,0,0,< 700,,,,,,,,Tidak,Tidak,Tidak,Tidak,Ya,lipas,Ya,Memasang cctv,Tidak,Tidak,,Ya,Tidak,,,22/02/2016
85,26/04/2016 10:55,dcd46f08880655a0febe80d2980fc1a10b32c2d9f83c4c98fd87a3c1f7aeecc4,7,,< 40,< 50,,,,< 50,< 700,150 ke atas,< 100,< 100,,< 100,,,Tidak,Tidak,Tidak,Tidak,Ya,,Tidak,Memasang cctv,Tidak,Tidak,,Ya,Tidak,,,16/02/2016
86,26/04/2016 12:47,833d675d44f4752b9895b025df2c8e707bf60c9054e4f7e4e2a5a26a1a911a4d,8,,< 20,< 50,,,< 100,200 ke atas,< 500,,,,,,,,Tidak tahu,Tidak,Tidak,Tidak,Ya,lipas,Ya,Memasang cctv,Tidak,Tidak,,Ya,Tidak,,,20/02/2016
87,29/04/2016 0:21,b79e204c470cdcb467de32137999908ac0c3d71077daa60b607201d952a2390d,1,,< 20,< 75,,,0,0,< 800,150 ke atas,150 ke atas,0,0,0,< 100,150 ke atas,Ya,Tidak,Tidak,Tidak,Ya,semut,Tidak,Mengenakan denda,Tidak,Tidak,,Tidak,Tidak,,,18/02/2016
88,13/09/2016 16:00,b1871a2f8a9ccecff5e2111b372b2c840daf742aa73444bfbd92d9edd36fd2db,2003,,< 20,< 75,,,0,< 50,< 500,0,0,0,< 100,< 100,< 100,< 150,Tidak,Tidak,Tidak,Tidak,Ya,"lipas, semut",Tidak,Memasang cctv,Tidak,Tidak,,Ya,Tidak,,,03/03/2016
89,18/04/2016 23:54,879eff325cbaba621e794244de1167d97c097df95db4a1192feeb95d28a5bca4,11,,< 40,< 75,,,0,0,< 700,< 100,< 100,,,< 100,,,Tidak,Tidak,Tidak,Tidak,Ya,lipas,Tidak,Memasang cctv,Tidak,Tidak,,Ya,Tidak,,,22/02/2016
90,19/04/2016 18:26,9be5a574a627aae8cf47bfa860b5c8263405cda32c6b25cfeb0007f3f0f39cae,11,,< 20,< 50,,,,,< 600,150 ke atas,< 100,,,,,,,Ya,Tidak,Tidak,Ya,lipas,Ya,Memasang cctv,Tidak,Tidak,,Ya,Tidak,,,22/02/2016
91,29/04/2016 0:24,5b3420409bb595f2193b1896c73d48581627181e4d20444f93a9694d3c9b6407,4,,< 20,< 50,,,0,0,< 500,0,0,0,0,0,0,0,Tidak,Ya,Tidak,Tidak,Ya,tiada,Ya,Mengenakan denda,Tidak,Tidak,,Ya,Tidak,,,19/02/2016
92,26/04/2016 10:01,7d22cc0516d53899b2e464b41664443141a310d306eb29c7fa51fbb4ede798bb,13,,< 40,< 75,,,,,< 500,,,,,150 ke atas,,,Tidak,Tidak,Tidak,Ya,Ya,lipas/semut,Tidak,Memasang cctv,Tidak,Ya,,Ya,Tidak,,,18/02/2016
93,26/04/2016 13:02,7eb0e515103d394032bc15a247011d464205dbca40bcefc4c7e8123f1e32e740,7,,< 20,< 50,,,,200 ke atas,< 500,,,,,150 ke atas,,,Tidak,Tidak,Tidak,Tidak,Ya,,Tidak,Memasang cctv,,Ya,Rompak,Ya,,,,17/02/2016
94,22/08/2016 14:55,3564bfd7f974a43d58c858d6a3e51e6e86564f789628a5c364c690ab8b7ecfe0,13,,< 40,125 ke atas,,,,,800 ke atas,,,,< 100,< 100,< 100,< 100,Tidak tahu,Ya,Tidak,Tidak,Tidak,,Ya,Mengenakan denda,Tidak,Tidak,,Ya,Tidak,,,16/02/2016
95,22/08/2016 12:18,8d4854ec83c15d175845ca8a16a16de89d49e5d556e43c24a8244e314b69d791,6,,< 20,< 50,,,0,< 50,< 500,0,< 100,0,0,0,0,0,Ya,Tidak,Tidak,Ya,Tidak,lipas,Tidak,Memasang cctv,Tidak,,,Ya,Tidak,,,19/02/2016
96,18/04/2016 22:57,0a45044f830c6b6a204ea760b50b5c1163bda8f78f6a49c573d5825bf0cbf1e3,12,,< 20,< 125,,,,< 50,< 800,,,,,150 ke atas,,,Tidak,Tidak,Tidak,Tidak,Ya,semut dan lipas,Ya,Memasang cctv,Tidak,Tidak,,Ya,Tidak,,,16/02/2016
97,22/08/2016 13:28,e9916ff35f46355fc2544bd19ba24a0f29ce5557734aba4ce1640cd7ad90d8e1,1,,< 40,< 50,,,0,< 100,< 500,0,0,0,150 ke atas,150 ke atas,< 100,< 100,Tidak,Tidak,Tidak,Tidak,Ya,lipas dan kucing,Tidak,Memasang cctv,Tidak,Tidak,,Ya,Tidak,,,15/02/2016
98,22/08/2016 14:11,4155c15cc962c6167b88fdd3212e0651037f2621bb5e789a061fef4882fcd182,8,,80 ke atas,< 125,,,0,< 50,< 500,< 125,< 100,,< 100,150 ke atas,,< 150,Ya,Tidak,Tidak,Tidak,Ya,lipas dan kucing,Tidak,Memasang cctv,Tidak,Tidak,,Ya,Tidak,,,
99,19/04/2016 0:38,9dbdd0daf3cceae135add0da6c8ea26c410db9b87264b3911e89ca6dea34862a,2,,< 40,< 50,,,,,< 500,,,< 100,,150 ke atas,,,,Tidak,Tidak,Ya,Ya,lipas,Tidak,Memasang cctv,Ya,Tidak,,Ya,Tidak,,,02/03/2016
100,19/04/2016 16:40,dbdfa6b15a0c849145d62205d2ca177aa333d2af32d0569ec1fe3546ef218ce7,3,,< 20,< 50,,,,,< 500,,,,150 ke atas,,,,,Tidak,Tidak,Tidak,Ya,,,,Tidak,Tidak,,Ya,Tidak,,,24/02/2016
101,13/09/2016 15:29,88603a33fe4fef1dbe95a3666643155b722719e5098658073c9bb8704d8b70fb,2007,,< 20,< 75,,,0,< 50,< 500,150 ke atas,150 ke atas,0,0,0,0,0,Tidak,Ya,Tidak,Tidak,Ya,lipas,Tidak,Memasang cctv,Ya,Ya,hilang motor,Ya,Tidak,,,04/03/2016
102,01/09/2016 12:35,7084f0d1c5e6fe419f22b487aaf1d3e60019ad32cc93be1b253de23aa3521f00,7,,< 20,< 50,,,0,< 50,< 500,< 100,,< 125,150 ke atas,< 100,,< 100,Ya,Tidak,Tidak,Tidak,Ya,lipas,Tidak,Memasang cctv,Tidak,Tidak,,Ya,Tidak,,,19/02/2016
103,22/08/2016 16:14,efeafbd503f884e286e00b91f622e0464843bfc03420260917cc2751f24bc96b,9,,< 20,< 100,,,0,,,,,,,,,,Tidak,Tidak,Tidak,Tidak,Ya,lipas,Ya,Memasang cctv,Tidak,Tidak,,Ya,Ya,Kemalangan,Hospital,16/02/2016
104,28/04/2016 21:13,57f23ffd2cfc2cad4c7af9915184d045b1f6f3a28474386e97994df5dc7d255e,3,,80 ke atas,125 ke atas,,,0,200 ke atas,< 500,0,0,0,< 100,150 ke atas,150 ke atas,< 100,Ya,Tidak,Tidak,Tidak,Ya,tebuan,Ya,Memasang cctv,Tidak,Tidak,,Ya,Tidak,,,20/02/2016
105,28/04/2016 23:33,5e3a58d82137b05a7dd00716fc23e03b04eca468acfa213498826a95a96dbf9d,5,,< 20,< 50,,,0,200 ke atas,< 600,0,0,0,150 ke atas,150 ke atas,150 ke atas,150 ke atas,Tidak,Tidak,Tidak,Ya,Ya,,Tidak,Memasang cctv,Tidak,Tidak,,Ya,Ya,Kemalangan,Kawasan PPR,20/02/2016
106,01/09/2016 13:35,859b5b7c1615430bcf1ae88a28e6f49d0c091534fb3f061145d3d63b21172bd2,9,,< 40,< 50,,,0,200 ke atas,< 600,,,,,,,,Tidak,Tidak,Tidak,Ya,Ya,,Ya,Menyediakan tong sampah yang mencukupi disetiap tingkat,Tidak,Tidak,,Ya,Tidak,,,
107,29/04/2016 0:29,50441b311a4632e2ee311d49aecd3dfbc46a2e1721bb2f59d47161331f708cae,4,,< 20,< 75,,,0,200 ke atas,< 500,< 100,< 100,0,0,0,0,0,Tidak,Tidak,Tidak,Tidak,Ya,,Tidak,Mengenakan denda,Tidak,Tidak,,Ya,Tidak,,,28/02/2016
108,01/09/2016 12:58,cee616119d4d0dc29cfbbabe24e5a31582ea87694049d234a3cb2a7ee825c1d7,5,,< 20,< 75,,,0,< 150,< 600,0,0,0,0,0,0,0,Tidak,Ya,Tidak,Tidak,Tidak,kucing,Tidak,Memasang cctv,Tidak,Tidak,,Ya,Tidak,,,16/02/2016
109,22/08/2016 16:36,a5ee9a48ea29269fa2f3e23df4f9f91f9ffd94cff8198be9bfd6c28454560a53,4,,< 40,< 100,,,0,,< 800,,,,,150 ke atas,,150 ke atas,Tidak,Tidak,Tidak,Ya,Ya,lipas,Tidak,Menyediakan tong sampah yang mencukupi disetiap tingkat,Tidak,Tidak,,Ya,Tidak,,,17/02/2016
110,18/04/2016 22:49,a4f7b54c0d291cca4f9ef4bfe108c36da5d195983b98a8273537fc31ccf9d683,13,,< 20,< 50,,,< 100,< 100,< 800,,,,,150 ke atas,,,,Tidak,Tidak,Tidak,Ya,lipas,Tidak,Memasang cctv,Tidak,Tidak,,Ya,Tidak,,,20/02/2016
111,26/04/2016 13:10,32e6d81d36ebe3dfb794b56f8c1337076071b1f9c393d4155d633c77b8b76d36,7,,< 20,< 50,,,,200 ke atas,< 500,,,< 100,,< 150,,,Tidak,Tidak,Tidak,Tidak,Ya,,Tidak,Memasang cctv,Ya,Tidak,,Ya,Tidak,,,18/02/2016
112,13/09/2016 15:04,d62709eb57f86c45ebb29a2ad6254d19ec16cbc86cc807656e1fe4a3b32efe5b,13,,< 20,< 50,,,0,< 50,< 600,0,0,< 100,150 ke atas,0,< 100,< 100,Tidak,Tidak,Tidak,Ya,Ya,"lipas, semut",Tidak,Memasang cctv,Tidak,Tidak,,Ya,Tidak,,,02/06/2016
113,22/08/2016 13:12,398cba836424b3e80d3662479eb49bb06adf9d6067691cbfd1024625721d30f6,4,,< 40,< 50,,,0,200 ke atas,< 500,,,,,,,,,Tidak,Tidak,Tidak,Ya,"kucing, lipas",Tidak,Memasang cctv,Tidak,Tidak,,Ya,Tidak,,,16/02/2016
114,01/09/2016 13:40,cc4a05295ed068b1b483de3fecd388c9f20d02430e99eb37fedda1dfb94704da,12,,< 20,< 75,,,0,< 100,< 500,,,< 125,,< 150,,,Ya,Ya,Tidak,Ya,Ya,"kucing, lipas",Tidak,Memasang cctv,Tidak,Tidak,,Ya,Tidak,,,
115,19/04/2016 17:22,9d9a7f8bf6b08e9fdaf2f3bd8cdd4340de6b0e950945c2f0ef4fa52dac1ac05a,7,,< 60,< 75,,,,200 ke atas,800 ke atas,,,150 ke atas,150 ke atas,150 ke atas,150 ke atas,150 ke atas,Tidak tahu,Tidak,Tidak,Ya,Ya,,Ya,Menyediakan tong sampah yang mencukupi disetiap tingkat,Tidak,Tidak,,Tidak,Tidak,,,17/02/2016
116,22/08/2016 12:26,b320d5ea1b3201dab445633ca022235b670e0c34113d4f56c01291b9f3a036b8,4,,< 20,< 100,,,0,< 100,< 500,0,0,< 100,150 ke atas,0,0,< 150,Ya,Tidak,Tidak,Ya,Ya,"lipas, pijat",Tidak,Memasang cctv,Ya,Tidak,,,Tidak,,,19/02/2016
117,22/08/2016 13:47,8a8aeff48aec4a79e354f23635b5a4e4346f55802900ba08e9ffa24628cd7725,5,,< 20,< 50,,,0,< 100,< 600,150 ke atas,150 ke atas,0,< 100,< 100,0,0,Tidak,Tidak,Tidak,Ya,Ya,,Ya,Menyediakan tong sampah yang mencukupi disetiap tingkat,Tidak,Tidak,,Ya,Tidak,,,15/02/2016
118,01/09/2016 13:38,153af0c2cb58cc64d1c9172b76afd382add0381e0291367c225c2c48ad410bfb,6,,< 60,< 125,,,0,< 100,< 500,,,,,< 100,,,Ya,Tidak,Tidak,Ya,Ya,"lipas, kucing",Tidak,Memasang cctv,Tidak,Tidak,,Ya,,Kerumitan lahir,,
119,22/08/2016 11:58,dc3c8ea217aa57df64e21e7b07c1da8e719fab9ada2f7edbe5cb61a4453eca79,2,,< 20,< 75,,,0,0,< 600,0,0,0,0,0,0,0,Tidak,Tidak,Tidak,Tidak,Ya,kucing,Tidak,Memasang cctv,Tidak,Tidak,,Tidak,Tidak,,,15/02/2016
120,01/09/2016 10:58,c016fc8e50accbff848d9fbbbff3d81d3f2fdf59436ab3fa10d7bdafe8fc1d21,11,,< 20,< 50,,,0,200 ke atas,800 ke atas,,,,150 ke atas,150 ke atas,150 ke atas,150 ke atas,Tidak,Tidak,Tidak,Ya,Ya,,Ya,Memasang cctv,Tidak,Tidak,,Ya,Tidak,,,15/02/2016
121,22/08/2016 13:36,835a2ef184b9f1916a4a6a0c48f4b78f2f39712430ba0fa0ed26e40501971345,15,,< 40,< 100,,,0,200 ke atas,800 ke atas,< 125,< 125,0,< 125,< 125,0,< 125,Ya,Tidak,Tidak,Tidak,Ya,lipas,Tidak,Memasang cctv,Tidak,Tidak,,Tidak,Tidak,,,16/02/2016
122,01/09/2016 13:22,43c3ce4ead89ef70fc449bc7640c68ef7e3a8674840f650a630d093bcce95e42,8,,< 60,< 50,,,0,< 100,< 500,< 100,0,< 100,< 100,< 100,< 100,< 100,Ya,Tidak,Tidak,Tidak,Ya,"lipas, semut",Tidak,Memasang cctv,Tidak,Tidak,,Ya,Tidak,,,
123,22/08/2016 13:23,dcab3314ff0fc8697fcadbd6a4068f9fa0d77bbb7cf117fba5f35452648f54ae,6,,< 20,< 50,,,0,< 150,< 700,0,0,< 100,0,< 100,< 100,< 100,Ya,Tidak,Tidak,Tidak,Ya,lipas dan kucing,Tidak,Memasang cctv,Ya,Tidak,,Ya,Tidak,,,15/02/2016
124,01/09/2016 13:42,6fd11bdc39ace60556ce8cc0a35acac9619c49c509206f22ca7047422c8ec0f4,13,,< 40,< 75,,,0,,< 600,< 125,< 100,,,,,,Ya,Tidak,Tidak,Ya,Ya,"semut, lipas",Tidak,Memasang cctv,Tidak,Tidak,,Ya,Tidak,,,
125,26/04/2016 12:30,dff7df052e7cb97a063f63e6584e5aba0a1b1c2ef71e40cd4d300eab1999dca9,16,,< 20,< 50,,,150 ke atas,200 ke atas,< 700,,,,,,,,Tidak tahu,Tidak,Tidak,Tidak,Ya,,Tidak,Memasang cctv,Tidak,Tidak,,Ya,,,,16/02/2016
126,19/04/2016 18:16,3d0dac25cb8fe57260004ed6fd2a504d3b0aa23e330368274f1616635f1b04e7,13,,80 ke atas,< 100,,,,,800 ke atas,,,,,< 100,,,Tidak,Tidak,Tidak,Tidak,Ya,lipas,Tidak,Memasang cctv,Tidak,Tidak,,Ya,Tidak,,,20/02/2016
127,18/04/2016 23:45,f02f8d8c30366f6d004839a2ee44893f995877b989b049dc26d37adb86d489a1,14,,< 40,< 50,,,,< 100,< 600,,,,,,,,Tidak tahu,Tidak,Tidak,Tidak,Ya,lipas,Tidak,Mengenakan denda,Tidak,Tidak,,Ya,Tidak,,,22/02/2016
128,18/04/2016 23:09,2e4f5f567e5e22ccb1a0b603a0c958b3fae4650bdbad85ff9764aea37fcd8325,10,,,,,,0,0,< 500,,,,,,,,Tidak tahu,Tidak,Tidak,Tidak,Ya,,Ya,Mengenakan denda,Tidak,Tidak,,Ya,Tidak,,,24/02/2016
129,28/04/2016 23:44,d05a369c6acb03f50b1e7b4b272ede32c10246de4f41cd6f2235d6ba33b978ef,2,,< 20,< 100,,,0,0,< 500,< 100,150 ke atas,< 100,150 ke atas,< 150,< 150,< 150,Ya,Tidak,Tidak,Ya,Ya,lipas,Tidak,Memasang cctv,Tidak,Tidak,,Tidak,Tidak,,,18/02/2016
130,26/04/2016 11:14,06cb988591fd0d672396760b398b4bf40d514c5ebbd12b8acd0c8121cc43dec7,4,,< 40,< 50,,,,< 100,< 700,150 ke atas,< 100,,,150 ke atas,,,Tidak,Tidak,Tidak,Tidak,Ya,,Tidak,Memasang cctv,Tidak,Tidak,,Ya,Tidak,,,17/02/2016
131,13/09/2016 16:07,943db91236ce4a646d0a75d13c1a59a4e6afacc1ccc8f397cfa9da5d7508493f,2002,,< 20,< 125,,,0,< 50,< 500,0,< 150,0,< 100,< 150,< 100,< 150,Tidak,Tidak,Tidak,Tidak,Ya,lipas,Tidak,Memasang cctv,Tidak,Tidak,,Ya,Tidak,,,12/05/2016
132,01/09/2016 11:25,3000cac5e0c9aba7b65dce23a23170d2a4c9b26f9c87ee796f056cabb3785120,13,,< 20,< 125,,,0,200 ke atas,800 ke atas,,,,,,,,Tidak,Tidak,Tidak,Tidak,Ya,lipas,Ya,Memasang cctv,Tidak,Tidak,,Ya,,Kesihatan,Hospital,16/02/2016
133,01/09/2016 12:32,4b7ffb33cd58defbaa5edb1efc4014a48c73b61910bfd8c508af4bdb7b5a59d5,1,,< 20,< 50,,,0,0,< 500,,,< 100,< 100,< 100,0,< 100,Tidak,Tidak,Tidak,Tidak,Ya,lipas,Tidak,Memasang cctv,Tidak,Tidak,,Ya,Tidak,,,19/02/2016
134,22/08/2016 14:58,9168e98109cd18a52bd7ce597241272460ab82879f394453a4991d0d94df2af2,15,,< 20,< 100,,,0,< 50,< 800,,,,150 ke atas,< 150,< 100,< 125,Tidak,Tidak,Tidak,Ya,Ya,lipas,Ya,Mengenakan denda,Tidak,Tidak,,Tidak,Tidak,,,17/02/2016
135,01/09/2016 11:43,db2dd37ee1bcec80758316a7692560adf2fa8158f6c1379cf39e167f273a6b50,0,,< 20,< 50,,,0,< 50,< 500,0,0,< 100,< 125,< 100,< 100,150 ke atas,Ya,Tidak,Tidak,Tidak,Tidak,,Tidak,Menyediakan tong sampah yang mencukupi disetiap tingkat,Tidak,Tidak,,Tidak,,,,15/02/2016
136,29/04/2016 0:41,ed4f8ddc38a1ed714983f62c2d323bf3aa25709a9c96bc1908b0cd3e51f8b41a,6,,< 20,< 50,,,0,0,< 500,0,0,< 100,< 100,< 150,< 150,< 150,Tidak,Tidak,Tidak,Tidak,Ya,lipas,,Mengenakan denda,Tidak,Tidak,,Tidak,Tidak,,,27/02/2016
137,13/09/2016 16:37,40729fe329aef59b39349d7b133ee0adefe7116406e1a037e6530e6a40168cbc,2009,,< 20,< 75,,,0,< 100,< 500,< 100,0,0,< 100,150 ke atas,< 100,< 125,Tidak,Tidak,Tidak,Ya,Ya,"lipas, semut",Tidak,Memasang cctv,Ya,Tidak,,Ya,Tidak,,,16/05/2016
138,22/08/2016 15:04,275306ffc737d818d645227941c352c056e1c257fca3d8bf5f9de02eeb11d4fc,10,,< 40,< 75,,,,,< 600,,,< 125,< 100,< 100,< 150,< 150,Ya,Tidak,Tidak,Tidak,Ya,lipas,Tidak,Memasang cctv,Tidak,Tidak,,Ya,,,,18/02/2016
139,18/04/2016 22:36,35353fface70bf1c94f73ea7f2ab73876f486a30435c0603b74e22d6cf7b6916,16,,< 20,< 100,,,< 100,0,< 500,,,,,150 ke atas,,,Tidak,Tidak,Tidak,Tidak,Ya,lipas,Tidak,Memasang cctv,Tidak,Tidak,,Ya,Tidak,,,24/02/2016
140,28/04/2016 23:55,929adc602757847691affa8299be95f05c61e98c148a6efedc6218d734069488,10,,< 40,125 ke atas,,,0,0,< 500,0,0,0,0,0,0,0,Tidak,Tidak,Tidak,Tidak,Tidak,,Tidak,Menyediakan tong sampah yang mencukupi disetiap tingkat,Ya,Tidak,,Tidak,Tidak,,,18/02/2016
141,28/04/2016 22:21,c944f5d626763b1379b0dfab3605c3c25e2d4137363d9947a4e5885d6326150c,1,,< 20,< 75,,,0,< 100,800 ke atas,< 150,< 100,< 100,< 100,< 100,< 100,< 100,Tidak tahu,Tidak,Tidak,Tidak,Tidak,,Ya,Menyediakan tong sampah yang mencukupi disetiap tingkat,Tidak,Tidak,,Tidak,Tidak,,,20/02/2016
142,19/04/2016 17:02,1e26fb6d8ca769754f8df7285ed710586f87909b5306ee5adce78a597e2f4965,9,,< 20,< 50,,,,,< 800,,,,,< 150,,,Tidak,Tidak,Tidak,,Ya,,Tidak,Memasang cctv,Ya,Tidak,,Ya,Tidak,,,20/02/2016
143,01/09/2016 12:01,f5649f7bb32a51cb7f8848627ab16921dba47904f35701330f46187877a7fb81,0,,< 20,< 50,,,0,< 50,< 500,,,< 100,< 100,< 100,< 100,< 100,Tidak tahu,Ya,Tidak,Ya,Tidak,lipas,Ya,Menyediakan tong sampah yang mencukupi disetiap tingkat,Tidak,Tidak,,Ya,Tidak,,,15/02/2016
144,01/09/2016 13:19,d449bbb411754361290bc89e69755b3145f7c39e346f04732e6a3c86d6397564,4,,< 20,< 75,,,0,< 100,< 500,0,0,< 150,< 100,< 150,< 100,< 100,Ya,Tidak,Tidak,Ya,Ya,"cicak, lipas, semut",Tidak,Memasang cctv,Tidak,Tidak,,Ya,Tidak,,,
145,01/09/2016 13:30,4a0954359bf44149eb2ab51edf4af0cff25847f87fa4f826021c757d8c50a3be,1,,< 40,< 100,,,0,< 50,< 500,150 ke atas,< 150,,,,,,Ya,Tidak,Tidak,Tidak,Ya,lipas,Tidak,Memasang cctv,Tidak,Tidak,,Ya,Tidak,,,
146,13/09/2016 16:11,88cfbea4b84a12b16aaed73775a849450ab7b674b73cfd1cd3f145d3700681e6,11,,< 20,< 100,,,0,< 50,< 700,0,0,0,< 150,150 ke atas,< 150,150 ke atas,Tidak tahu,Tidak,Tidak,Tidak,Ya,"lipas, semut",Tidak,Memasang cctv,Tidak,Tidak,,Ya,Tidak,,,02/06/2016
147,18/04/2016 22:43,e035467d6bf5654ad22718d05696836fdd33eae0e533931b3e71bae8a28abdff,10,,< 20,< 50,,,150 ke atas,,< 600,,,,,,,,Tidak,Tidak,Tidak,Tidak,Ya,,Tidak,Memasang cctv,Tidak,Tidak,,Ya,Tidak,,,17/02/2016
148,22/08/2016 16:41,a747686adc0f9d06bee2b9f246d7c9f8dbb82cb17aee19af776318bcd96bc3bf,12,,< 20,< 50,,,,,< 500,150 ke atas,< 100,< 125,,< 100,< 100,< 125,Ya,Tidak,Tidak,Tidak,Tidak,,Tidak,Mengenakan denda,Tidak,Tidak,,Tidak,Tidak,,,17/02/2016
149,01/09/2016 11:52,4d4020a607922633864f61a494bd1ad23a985b0d47ff1b76b0c5bf9d21d0179a,8,,< 40,< 50,,,0,< 100,< 600,< 100,0,< 100,< 100,0,0,< 100,Ya,Tidak,Tidak,Tidak,Ya,"kucing, lipas",Tidak,Memasang cctv,Tidak,Tidak,,Ya,Tidak,,,16/02/2016
150,01/09/2016 13:13,0415fa21d71fcc016d548bea0d6a4061476189806f0e7ddbafa72f365a278d2c,2,,< 20,< 75,,,0,0,< 500,,,< 100,150 ke atas,0,,,Ya,Tidak,Tidak,Tidak,Ya,lipas,Tidak,Memasang cctv,Tidak,Tidak,,Ya,Tidak,,,
151,01/09/2016 11:28,f4ffba11f435308ab50bacd4b5c1604af5533641bd983c380e66518b22804758,2,,< 40,< 75,,,0,< 100,< 700,,,< 150,150 ke atas,150 ke atas,150 ke atas,150 ke atas,Ya,Ya,Tidak,Tidak,Ya,"lipas, kucing, anjing",Ya,Memasang cctv,Tidak,Tidak,,Ya,,,,16/02/2016
152,22/08/2016 13:39,4ac8b07f93d2693de8e8a8124e8468c77025cdc809c8ae6622a93d1cd7d4bddb,12,,< 40,< 125,,,0,200 ke atas,800 ke atas,0,< 100,0,0,< 100,0,< 100,Ya,Ya,Tidak,Ya,Ya,lipas,Tidak,Memasang cctv,Tidak,,,Ya,Tidak,,,19/02/2016
153,22/08/2016 14:19,73f57f31d6c4fe360c6673a7666beb4902569f9d88b5e21e1f880afa8cae08c4,13,,< 20,< 75,,,0,< 50,< 500,0,0,0,0,0,0,0,Tidak,Ya,Tidak,Ya,Tidak,lipas,Ya,Memasang cctv,Tidak,Tidak,,Ya,Tidak,,,17/02/2016
154,22/08/2016 15:37,2485269a87d643c217c603c1f162a5fbee75b2289715aa3394acaab20cf07ef7,9,,< 20,< 50,,,0,200 ke atas,< 500,,,,,,,,,Tidak,Tidak,Tidak,Tidak,,Ya,Memasang cctv,Tidak,Ya,,Ya,Ya,Lain-lain,Rumah,15/02/2016
155,22/08/2016 13:08,a62e45dec77919eadb1fac46aa7c1d79bfc54c215f5425b841a4c31ab114f450,4,,< 60,< 75,,,0,< 100,< 500,150 ke atas,150 ke atas,,,,,,Tidak tahu,Tidak,Tidak,Tidak,,,Ya,Memasang cctv,Tidak,Tidak,,Ya,Tidak,,,17/02/2016
156,26/04/2016 10:46,b5d4aa60f5ec552a4e0e8651b5dd27fb05b9ff0c13ad8f1ba3043bd5fbf721c8,10,,< 40,< 125,,,,,< 700,,,,,< 150,,,Tidak tahu,Tidak,Tidak,Tidak,Ya,,Ya,Memasang cctv,Tidak,Tidak,,Ya,Tidak,,,18/02/2016
157,01/09/2016 11:22,66e55f427739f60befbfd9db78a8ae8f34cfd368b3c3867a5d6d69d435647029,13,,< 40,,,,0,,< 700,,,,,,,,Tidak,Tidak,Tidak,Tidak,Tidak,,Tidak,Menyediakan tong sampah yang mencukupi disetiap tingkat,Tidak,Tidak,Ragut,Tidak,Tidak,Kesihatan,,17/02/2016
158,26/04/2016 11:34,6118e1fc87bbae45da237bbc7abf94d89b3ea65f06c2a35f70b662e9dba3f22b,8,,< 20,< 50,,,< 100,< 100,< 700,,< 100,,< 100,< 100,,,Tidak,Tidak,Tidak,Tidak,Ya,,Tidak,Memasang cctv,Tidak,Tidak,,Ya,Tidak,,,17/02/2016
159,22/08/2016 16:27,c18e91820b1fd9159417236467f67cca189e939d47cda6516235da8ee7896300,6,,< 20,< 100,,,0,,< 500,< 100,< 100,0,0,< 150,< 100,150 ke atas,Tidak,Ya,Tidak,Tidak,Ya,lipas,Tidak,Menyediakan tong sampah yang mencukupi disetiap tingkat,Ya,Tidak,,Tidak,Tidak,,,16/02/2016
160,18/04/2016 22:47,d0cfc99829dc56fa0f5d13fdd0c20d9189265edfa9c88391a15c85b8c3abcae8,15,,< 20,< 50,,,,< 100,< 500,,,,,,,,Tidak tahu,Tidak,Tidak,Tidak,Ya,,Tidak,Memasang cctv,Tidak,Tidak,,,,,,16/02/2016
161,26/04/2016 10:09,fa696eb2498cee8b8fe594e4d583ae53ae6c5da10d234d62ea77e966209c2bb7,47,,< 20,< 75,,,,200 ke atas,800 ke atas,,,,,150 ke atas,,,Tidak,Tidak,Tidak,Ya,Ya,,Tidak,Memasang cctv,Tidak,Tidak,,Ya,,,,16/02/2016
162,19/04/2016 16:27,c5a6570960db57bf05b75304e9603cd6f8f1be57d969ec16e033493f234c153d,13,,< 20,< 75,,,0,0,< 600,,,,,150 ke atas,,,Tidak,Tidak,Tidak,Tidak,Ya,lipas,Ya,Mengenakan denda,Tidak,Tidak,,Ya,Tidak,,,24/02/2016
163,13/09/2016 16:41,36552368e3dde796fd404c30cf0b6c000ad24d88198e72a34f1d631bdf42e98f,6,,< 20,< 50,,,0,< 50,< 500,0,0,< 100,< 100,< 150,< 100,150 ke atas,Tidak tahu,Tidak,Tidak,Tidak,Ya,lipas,Tidak,Memasang cctv,Tidak,Tidak,,Ya,Tidak,,,08/05/2016
164,28/04/2016 21:23,c3944e727bb1eb11e40046fb39de945c7c8d4ef704122fd3ab2caf06db9e03a2,5,,< 60,< 75,,,0,200 ke atas,800 ke atas,0,0,0,0,0,0,0,Tidak,Tidak,Tidak,Tidak,Tidak,tebuan,Tidak,Mengenakan denda,Tidak,Tidak,,Ya,Tidak,,,19/02/2016
165,19/04/2016 15:57,1eb4b95cf7ffcffbcba976b8a75af8e12f49b418948db4a9f280400e94fd4a49,10,,< 20,< 50,,,0,< 50,< 500,,,,,,,,Tidak tahu,Tidak,Tidak,Tidak,Ya,"lipas, tikus",Tidak,Memasang cctv,Tidak,Tidak,,Ya,Tidak,,,24/02/2016
166,26/04/2016 11:25,5e282fb949ebcee167218b651f97a6868fcacf897ff80147c90fb970f8af39c0,14,,< 20,125 ke atas,,,< 125,200 ke atas,800 ke atas,,,,,150 ke atas,,,Tidak,Tidak,Tidak,Tidak,Ya,,Ya,Tiada cadangan,Tidak,Tidak,,Ya,Tidak,,,17/02/2016
167,01/09/2016 11:31,cebb9e95b505c440702bd686bbe7d4dbdfa74fcb6bd50069d0fdaf2f3c843a8c,6,,< 40,< 75,,,0,0,800 ke atas,,< 100,< 125,< 100,150 ke atas,150 ke atas,150 ke atas,Ya,Tidak,Tidak,Tidak,Ya,lipas,Ya,Memasang cctv,Tidak,Tidak,,Ya,Tidak,,,16/02/2016
168,26/04/2016 10:20,d142ec62bd719d7d2250809ffa9a90cfeb1471147cb781aee5dd832e3f6c9aeb,10,,< 20,< 50,,,,200 ke atas,< 500,,,< 100,,< 125,,,Tidak,Tidak,Tidak,Tidak,Ya,,Tidak,Memasang cctv,Tidak,Tidak,,Ya,Tidak,,,16/02/2016
169,26/04/2016 10:12,467c56d264ad09054a43f27f44c10ab5ffcb4b283e4b78b1868cd164abee008a,9,,< 20,< 75,,,,< 150,800 ke atas,,,< 150,,150 ke atas,,,Tidak,Tidak,Tidak,Tidak,Ya,,Ya,Memasang cctv,Tidak,Tidak,,Ya,Tidak,,,17/02/2016
170,22/08/2016 12:36,ed638aec139ea978c04fc4f5f12fccb9a6a2d846fcc2f8fbc05789f16d0eb164,3,,< 20,< 50,,,0,< 50,< 500,< 100,< 100,< 100,< 100,< 100,0,0,Tidak tahu,Tidak,Tidak,Tidak,Ya,lipas dan kucing,Tidak,Memasang cctv,Tidak,Tidak,,Tidak,Tidak,,,15/02/2016
171,22/08/2016 12:30,6a11bc7ebc4b7894ed9863ee87a763eb89ada23b62de515f4a48f319428a8d81,3,,< 40,< 100,,,0,< 50,< 600,< 125,< 125,0,0,0,0,0,Tidak,Tidak,Tidak,Tidak,Ya,,Tidak,Memasang cctv,Tidak,Tidak,,Ya,Tidak,,,15/02/2016
172,28/04/2016 21:57,7f0912e0d3854345fc9657d13b2bbc272a2e644bd2ab25d272fc21f0fbfbaf76,0,,80 ke atas,125 ke atas,,,0,200 ke atas,< 800,0,0,0,0,0,0,0,,Tidak,Tidak,Tidak,Ya,Lipas,Ya,Memasang cctv,Ya,Tidak,,Ya,Tidak,,,24/02/2016
173,01/09/2016 13:05,04d5162794678fce7791c7f0d8749b66aca3d02f5b63a6022f18dfeb9ce6ad93,3,,< 80,125 ke atas,,,0,< 100,< 600,,,150 ke atas,150 ke atas,< 150,< 125,< 125,Tidak tahu,Tidak,Tidak,Tidak,Tidak,lipas,Tidak,Memasang cctv,Tidak,Tidak,,Ya,Tidak,,,19/02/2016
174,26/04/2016 10:58,93eb7d0e1d73f6361b5265223ef30ee5a2dca641f3acd69b6f94374711c7b5fc,14,,< 40,< 100,,,,,800 ke atas,,,< 100,,150 ke atas,,,Tidak,Tidak,Tidak,Tidak,Ya,,Tidak,Memasang cctv,Tidak,Tidak,,Ya,Tidak,,,18/02/2016
175,13/09/2016 15:45,e3ab2d6bb3ccf4e757d85457ef69326e559a206d7c4f86621806de08d43e52d8,2011,,< 20,< 50,,,0,< 50,< 500,0,0,0,0,0,0,0,Tidak,Tidak,Tidak,Tidak,Ya,lipas,Tidak,Memasang cctv,Tidak,Tidak,,Ya,Tidak,,,03/03/2016
176,22/08/2016 13:53,68a74e7d418a225c5f776d0edbbe9ffa149d9ebdf6538146c7477a4ee24c0b4b,0,,< 20,< 50,,,0,0,< 600,,,,150 ke atas,150 ke atas,< 100,150 ke atas,Tidak tahu,Tidak,Tidak,Tidak,Tidak,,Tidak,Memasang cctv,Tidak,Tidak,,Ya,Tidak,,,15/02/2016
177,19/04/2016 0:29,84f423a179ad3aca01f2753cf34f1fa2aff11db2d01f267d920ce8deebbc9d8f,0,,< 20,< 75,,,,< 100,< 600,< 150,< 100,,,,,,Tidak,Tidak,Tidak,Tidak,Ya,,Tidak,Memasang cctv,Tidak,Tidak,,Ya,Tidak,,,23/02/2016
178,22/08/2016 11:36,76244ef133c22452732034fab7ada90fda3257e3a1d2eb6014f4364bdc7bc22b,3,,< 40,< 50,,,0,< 100,< 500,< 100,< 100,< 100,0,< 100,0,< 100,Ya,Tidak,Tidak,Tidak,Ya,"lipas, kucing",Tidak,Memasang cctv,Tidak,Tidak,,Ya,Tidak,,,19/02/2016
179,22/08/2016 12:45,0308d578acaf7ece5a0c63cc8a85f73fc5fae1754cb5c77b6fc9426f53ba6eec,1,,< 60,< 50,,,0,< 50,< 700,0,0,150 ke atas,< 100,< 100,< 100,150 ke atas,Ya,Tidak,Tidak,Ya,Tidak,lipas dan kucing,Ya,Memasang cctv,Tidak,Tidak,,Ya,Tidak,,,19/02/2016
180,28/04/2016 23:47,b0cbebd611ded448afca7bfd182ca5e50d8a705bcc7c10b6662f1d13de05b51d,5,,< 40,< 100,,,0,0,< 500,< 100,0,< 150,< 150,150 ke atas,< 100,150 ke atas,Ya,Tidak,Tidak,Tidak,Ya,"lipas, anai-anai",Ya,Menyediakan tong sampah yang mencukupi disetiap tingkat,Tidak,Tidak,,Tidak,Tidak,,,18/02/2016
181,22/08/2016 12:03,e753c29d083ef0ac498946700aae8bd04b126f413c5596fb7abfaea11a6b8db8,2,,< 40,< 50,,,0,< 100,< 500,,,,,,,,Tidak tahu,Tidak,Tidak,Tidak,Ya,,Ya,Memasang cctv,Tidak,Tidak,,Ya,,,,15/02/2016
182,01/09/2016 14:38,c8d8f9c7eff46f1a6642ba14d554464d187d3af7526cdfd3542630415ab8a237,14,,< 40,< 50,,,0,200 ke atas,< 500,0,0,0,0,0,0,0,Tidak,Tidak,Tidak,Tidak,Ya,,Tidak,Memasang cctv,Tidak,Tidak,,Ya,Tidak,,,
183,13/09/2016 16:15,3d6882a1a50ab254bd2d45353a7d976fdbc22db4b14cc8146ba9f5796cea0749,2011,,< 20,< 50,,,0,200 ke atas,< 500,0,0,0,0,0,0,0,Tidak,Tidak,Tidak,Ya,Ya,lipas,Tidak,Memasang cctv,Ya,Tidak,,Ya,Tidak,,,14/05/2016
184,19/04/2016 0:33,f6c08654d34afc633a5fe4f6f3494d0dc4d7bc600267547190e88c046b108a99,10,,< 20,< 125,,,,,< 500,< 100,< 100,,,,,,Tidak,Tidak,Tidak,Tidak,Ya,lipas,Ya,Memasang cctv,Tidak,Tidak,,Ya,Tidak,,,24/02/2016
185,01/09/2016 14:26,55294cd1b4ff3dfdff539238fc66b4ef478a22443110f3190e18f1c1e4d3de9d,5,,< 20,< 50,,,0,< 100,< 500,< 150,< 100,0,0,0,0,0,Ya,Tidak,Tidak,Tidak,Ya,lipas,Tidak,Memasang cctv,Tidak,Tidak,,Ya,Tidak,,,
186,22/08/2016 11:22,c670416145db3598caedb330ebb6125c00f087d796bc1d86ae7d9809861ebdf6,1,,< 20,< 50,,,0,< 100,< 800,150 ke atas,150 ke atas,,,,,,Ya,Tidak,Tidak,Tidak,Ya,kucing,Ya,Memasang cctv,Tidak,Tidak,,Ya,,,,15/02/2016
187,26/04/2016 11:28,d7baf9fc767c16588ac026b7f4711263b4a7be7e147aef6a5146eb026b2230be,11,,< 20,< 50,,,,,< 500,< 100,,,,,,,Tidak,Tidak,Tidak,Tidak,Ya,lipas,Tidak,Mengenakan denda,Tidak,Tidak,,Ya,Tidak,,,17/02/2016
188,01/09/2016 11:55,2d589ad1d1aca12a2c9bb11a664f4aeb23067ebd4e06a6ca36f15760b9b5dd98,0,,< 60,< 100,,,0,0,< 600,< 150,< 100,< 125,150 ke atas,150 ke atas,< 125,< 125,Tidak,Tidak,Tidak,Ya,Tidak,,Tidak,Menyediakan tong sampah yang mencukupi disetiap tingkat,Tidak,Tidak,,Tidak,Tidak,,,15/02/2016
189,26/04/2016 11:30,67f3d14a51a3811f65a3c9830fec3180bdfd309da6b155c57e627ac8b18a6c4a,13,,< 20,< 50,,,< 100,,800 ke atas,,,,,< 150,,,Tidak,Tidak,Tidak,Tidak,Ya,,Tidak,Memasang cctv,Tidak,Tidak,,Ya,Tidak,,,17/02/2016
190,01/09/2016 11:02,1b714c56a06e850f3bb7bd0130f54ff1cc3c4cd91a5b6801753796da1af60cdd,8,,< 60,125 ke atas,,,0,200 ke atas,< 800,,,,,,,,Tidak,Tidak,Tidak,Tidak,Ya,"lipas, nyamuk",Ya,Memasang cctv,Tidak,Tidak,,Tidak,,Kesihatan,Hospital,15/02/2016
191,18/04/2016 23:51,6f4c18340e2be578588048485b07a0d5d3ec7c57ddddab794fbbc325991d1735,11,,< 20,< 50,,,0,< 50,< 500,< 100,< 100,< 100,,150 ke atas,,,Tidak,Tidak,Tidak,Tidak,Ya,lipas,Ya,Memasang cctv,Tidak,Tidak,,Ya,Tidak,,,22/02/2016
192,13/09/2016 15:18,2230f6657a850a543109f62d002fe62b6b45fbfc8d8cb3e05353794de0f41ac5,2004,,< 40,< 125,,,0,< 100,< 600,0,0,0,0,0,0,0,Tidak,Ya,Tidak,Tidak,Ya,lipas,Tidak,Memasang cctv,Tidak,Tidak,,Ya,Tidak,,,04/03/2016
193,01/09/2016 11:10,4b7e1f43ce74d44a297b3c677a172c6641291c1be1d4c5a837d1c230fd63370c,12,,< 60,,,,0,rm1000,< 600,,,,,,,,Ya,Tidak,Tidak,Tidak,Tidak,lipas,Ya,Memasang cctv,Tidak,Tidak,,Ya,Tidak,,,15/02/2016
194,31/03/2016 15:54,018f8a324f15fdf8e3f67caa9a8d006017820b4c02733214428f8f6a8ccc5d35,9,,< 20,< 50,,,,,< 800,150 ke atas,< 100,< 150,,150 ke atas,,,Tidak,Tidak,Tidak,Tidak,Ya,lipas,Tidak,Memasang cctv,Tidak,Tidak,,Ya,Tidak,,,19/02/2016
195,19/04/2016 0:21,ed0f0e02a251fde113136e289f9189fd33dfc16d2a88299510353ff3047c5eee,3,,< 20,< 50,,,,,< 500,< 150,,,,< 100,,,,Tidak,Tidak,Tidak,Ya,,Ya,Memasang cctv,Tidak,Ya,,Ya,Tidak,,,23/02/2016
196,28/04/2016 23:52,2eec18c591b6864318be6d9b749add7d274e36a22d930163be4b629d4fe24802,6,,< 60,< 50,,,0,< 150,< 500,0,0,0,< 100,150 ke atas,< 100,< 150,Tidak,Tidak,Tidak,Tidak,Ya,anai-anai,Ya,Tiada cadangan,Tidak,Tidak,,Tidak,Tidak,,,18/02/2016
197,22/08/2016 13:16,ff90c89807104449549ab0a735b1fd1a860883895c65448fa0db8fee11e5e71a,1,,< 20,< 50,,,0,< 100,< 500,< 100,0,0,< 100,< 100,< 100,< 100,Tidak,Tidak,Tidak,Tidak,Ya,lipas dan kucing,Ya,Memasang cctv,Tidak,Tidak,,Tidak,Tidak,,,16/05/2016
198,22/08/2016 15:53,bf313fc641b4c65e1b5b3116441a96dd72aa1c0cf494206eee4ca83c7d3782f0,2,,< 60,< 100,,,0,,800 ke atas,,,150 ke atas,150 ke atas,150 ke atas,150 ke atas,150 ke atas,Ya,Tidak,Tidak,Tidak,Ya,"masalah tikus, lipas",Ya,Memasang cctv,Tidak,Ya,Penipuan,Ya,Tidak,,,15/02/2016
199,01/09/2016 12:48,1511b22d9ba6f6d71bd45cd8eecd2e6a6aee02e357f5318f03c518c4cebf38af,15,,< 20,< 50,,,0,< 150,< 600,< 100,,,,,< 100,,Tidak,Tidak,Tidak,Tidak,Ya,lipas,Tidak,Memasang cctv,Ya,Tidak,mencuri,Ya,Tidak,,,16/02/2016
200,26/04/2016 13:07,966eb9d537c9f3891dc5fd0f09d4fa4df5de622e1e0a7632935c42a7a9417d15,11,,< 20,< 50,,,< 100,200 ke atas,< 700,150 ke atas,150 ke atas,150 ke atas,150 ke atas,0,150 ke atas,150 ke atas,Ya,Tidak,Tidak,Tidak,Ya,,Ya,Memasang cctv,Tidak,Tidak,,Ya,Tidak,,,18/02/2016
201,29/04/2016 0:34,53636b255508726f6e57c1dd4835f268c40628c58d516e02a6c87ca54e12a46d,8,,< 40,< 50,,,0,< 100,< 800,< 125,< 100,,,,,,Tidak tahu,Tidak,Tidak,Tidak,Tidak,lipas,Ya,Memasang cctv,Tidak,Tidak,,Tidak,Tidak,,,28/02/2016
202,22/08/2016 11:31,59afd5bd3c93ed99e92f8f39ad0bcb355c73a5e8735db6131bd1cbf312c24cf9,5,,< 60,< 100,,,0,< 100,< 500,< 100,< 100,< 100,< 100,< 100,0,< 100,Tidak,Tidak,Tidak,Ya,Ya,"pijat, lipas, kucing",Tidak,Memasang cctv,Tidak,Tidak,,Ya,Tidak,,,16/02/2016
203,26/04/2016 11:32,6ee6911415ea108f703314d228657e77fc680faa5032374080dcdd55e5b1b541,12,,< 20,< 100,,,,< 50,< 700,,,,,150 ke atas,,,Tidak,Tidak,Tidak,Tidak,Ya,lipas,Ya,Memasang cctv,Tidak,Tidak,,Ya,,,,15/02/2016
204,29/04/2016 0:18,84bcfff1319e7e487f34fd26c0094c64086a5043ef6b44ff0e8dfbb2c73f61da,1,,< 20,,,,,< 50,< 500,< 150,< 150,0,0,0,0,0,Tidak,Tidak,Tidak,Tidak,Ya,lipas,Ya,Menyediakan tong sampah yang mencukupi disetiap tingkat,Tidak,Tidak,,Tidak,Tidak,,,20/02/2016
205,22/08/2016 16:07,2ae15fad3d8dd090497f6fa98dd2225556a1ef50eb423eccb799e216c592faf1,17,,< 40,125 ke atas,,,150 ke atas,< 100,800 ke atas,150 ke atas,150 ke atas,150 ke atas,150 ke atas,150 ke atas,150 ke atas,150 ke atas,,Tidak,Tidak,Ya,Ya,,Ya,Memasang cctv,Tidak,Tidak,,Ya,Tidak,,,19/02/2016
206,19/04/2016 16:32,eb67a02dfb4d10b73eed9a33b93f529f9cad075fca66c108560f02da248016e5,13,,< 20,< 75,,,,,< 800,0,0,,,,,,,Tidak,Tidak,Tidak,Ya,lipas,Tidak,Memasang cctv,Tidak,Tidak,,Ya,Tidak,,,22/02/2016
207,28/04/2016 21:28,179cb1ba41b52a59aa3abd1967eb100f321b521408087734b17a948c355932d1,0,,80 ke atas,< 50,,,< 100,< 50,< 500,0,< 100,0,< 150,< 100,0,0,Tidak tahu,Tidak,Tidak,Tidak,Ya,,Ya,Memasang cctv,Tidak,Tidak,,,Tidak,,,17/02/2016
208,26/04/2016 12:42,7aee91530299eb95ba27210dec2e528cb73d0f51b9a5fb00704014ad21b72b56,10,,< 20,< 75,,,,,800 ke atas,,,,,,,,,Tidak,Tidak,Tidak,Ya,,Tidak,Memasang cctv,Tidak,Tidak,,Ya,,,,16/02/2016
209,01/09/2016 12:25,af8b9bf1e43ad5fad722893e9ecc9f6e1b6b4d896af8371a7e64911dbccdaad0,14,,< 40,tiada elektrik,,,0,< 150,,0,0,150 ke atas,< 150,150 ke atas,0,< 100,Ya,Tidak,Tidak,Ya,Tidak,"lipas, kucing",Tidak,Memasang cctv,Tidak,Tidak,,Ya,Tidak,,,16/02/2016
210,19/04/2016 16:04,f0f0446dcf3d9885ca95a0beee2f5a2a63215a88a7337b63605322d927bbea85,10,,< 20,< 50,,,150 ke atas,0,< 600,,,,,0,,,Tidak tahu,Tidak,Tidak,Tidak,Ya,lipas,Tidak,Memasang cctv,Tidak,Tidak,,Ya,Tidak,,,24/02/2016
211,29/04/2016 0:27,c1d19a540936fba6f1ada93dbd0176e6bb9e50930b13b79a1d1727151126d783,12,,< 20,< 50,,,0,0,< 500,< 125,< 125,0,0,0,0,0,Tidak,Tidak,Tidak,Tidak,Ya,,Tidak,Mengenakan denda,Tidak,Tidak,,Tidak,Tidak,,,28/02/2016
212,01/09/2016 13:25,80eb494134637749564498794fc1006fe26e1e138713b333520029ea03878bca,15,,< 40,< 125,,,0,< 100,< 800,150 ke atas,< 150,,,,,,Ya,Tidak,Tidak,Ya,Ya,"kucing, lipas",Tidak,Memasang cctv,Tidak,Tidak,,Ya,Tidak,,,
213,19/04/2016 16:35,51ca9b1b83b95a4e701e2636658f44f6a38c76f9785117863b38dccc3b56c694,5,,< 40,< 50,,,< 150,< 50,< 600,,,0,,150 ke atas,,,Tidak,Tidak,Tidak,Tidak,Ya,,Tidak,Memasang cctv,Tidak,Tidak,,Ya,Tidak,,,23/02/2016
214,26/04/2016 11:00,e9c7fc2240c42ff62de2d3879f4aac5aa9f51485157684498ace3b6a4b6c4c9a,12,,< 20,< 50,,,,< 50,< 800,,,,,150 ke atas,,,Tidak,Tidak,Tidak,Ya,Ya,,Tidak,Memasang cctv,Tidak,Tidak,,Ya,Tidak,,,17/02/2016
215,26/04/2016 11:23,c559994c9c7835aac28baa83fec247fbe67b017a370324cf8fd3e0909ac4c7d7,8,,< 60,< 50,,,,< 100,< 500,,,< 100,,< 150,,,Tidak,Tidak,Tidak,Tidak,Ya,,Tidak,Memasang cctv,Tidak,Tidak,,Ya,Tidak,,,17/02/2016
216,22/08/2016 16:44,3b532182e469075b71a6bda5f48865e59b56687d0eb2fcb413bcec116456c915,8,,< 20,< 75,,,,,< 600,< 125,,,,,,,Ya,Tidak,Tidak,Tidak,Ya,lipas,Tidak,Memasang cctv,,,,Ya,Ya,Kesihatan,Hospital,17/02/2016
217,01/09/2016 11:16,9dce652f769d6e5790168d3f0174e95fae7a5b20c59cc593a7d7c217e82ef911,15,,< 20,< 50,,,,< 100,< 500,,,,150 ke atas,< 150,< 100,< 100,Tidak,Ya,Tidak,Tidak,Ya,lipas,Tidak,Menyediakan tong sampah yang mencukupi disetiap tingkat,Tidak,Tidak,,Ya,,,,17/02/2016
218,22/08/2016 13:43,89db06db88e7820f92c6153d6356fdd684c4e1fe1b0ab2fa35b4d9102599c8f7,0,2,< 20,< 50,,,0,0,< 600,0,0,0,0,0,0,0,Tidak tahu,Tidak,Tidak,Tidak,Ya,lipas,Tidak,Memasang cctv,Tidak,Tidak,,Ya,Tidak,,,19/02/2016
219,28/04/2016 22:09,386d262d3e58f82a5728feade20163a479ae0b5b98685691b98ec9a439fe5017,4,,< 40,< 100,,,0,0,< 500,0,0,< 100,< 100,150 ke atas,150 ke atas,< 150,Tidak,Tidak,Tidak,Tidak,Ya,"lipas, semut",Tidak,Mengenakan denda,Tidak,Tidak,,Ya,Tidak,,,16/02/2016
220,29/04/2016 0:09,7d93126201b6b59a9319047f754f963a2758c9b27cbe92cc7c8e0539ea3287a7,1,,< 20,< 50,,,0,< 50,< 500,150 ke atas,150 ke atas,< 100,0,0,0,0,Tidak,Tidak,Tidak,Tidak,Ya,tiada,Ya,Mengenakan denda,Tidak,Tidak,,Tidak,Tidak,,,18/02/2016
221,22/08/2016 12:22,8ee11211f92b810cd3f2106829dd97504580aa9c79b792349654e2c0141c07dc,3,,< 20,< 75,,,0,< 100,< 500,< 100,0,0,150 ke atas,< 100,0,< 100,Ya,Tidak,Tidak,Ya,Ya,lipas dan kucing,Tidak,Memasang cctv,Tidak,Tidak,,Ya,Tidak,,,15/02/2016
222,28/04/2016 22:17,418fc301147c1bdc0866e828b9996efcc6a312b56816cae6b23971ff68ecc12b,9,,< 40,125 ke atas,,,0,< 150,< 700,150 ke atas,,,150 ke atas,150 ke atas,150 ke atas,150 ke atas,Tidak tahu,Tidak,Tidak,Tidak,Ya,,Ya,Menyediakan tong sampah yang mencukupi disetiap tingkat,Tidak,Ya,cabul,Ya,Tidak,,,21/02/2016
223,19/04/2016 18:29,36152c777e7cc4e9fc221dc4524485236ac5a41fb75a2e3d0d5209bc5608683c,13,,< 40,< 50,,,,,< 500,,,,,,,,,Tidak,Tidak,Tidak,Ya,lipas,Ya,Menyediakan tong sampah yang mencukupi disetiap tingkat,Tidak,Tidak,,Ya,Tidak,,,22/02/2016
224,13/09/2016 15:22,45906713ce86097dd3a36c3e5bd05c4deb6c59556b873c19e6c276e0c0316b31,2008,,< 20,< 50,,,0,< 100,< 500,150 ke atas,150 ke atas,0,150 ke atas,< 125,< 100,< 125,Tidak,Ya,Tidak,Ya,Ya,lipas,Ya,Memasang cctv,Tidak,Tidak,,Ya,Tidak,,,04/03/2016
225,28/04/2016 21:17,a3536b5c2c5b158e3de73d976eaf608ff90ce7c074cbbec8d0f8b84566ad91d6,2,,< 20,< 100,,,0,0,800 ke atas,150 ke atas,150 ke atas,0,150 ke atas,150 ke atas,< 100,150 ke atas,Ya,Tidak,Tidak,Tidak,Ya,lipas,Ya,Mengenakan denda,Tidak,Tidak,,Ya,Tidak,,,19/02/2016
226,22/08/2016 15:13,a0af44e9fc82d60f22d9229c1d31ac54ec2cbce4ee37e0611b7d6af6d38ac1c6,7,,< 80,125 ke atas,,,,200 ke atas,< 700,150 ke atas,,,,,,,Tidak,Tidak,Tidak,Ya,Ya,,Ya,Memasang cctv,Tidak,Ya,pukul & gangsterism,Ya,Tidak,,,16/02/2016
227,01/09/2016 12:50,9bb9adcf7bfdbcc9bb9bd0d948a7de21c0350a3bbeba901db8e303d85b37b79a,3,,< 20,< 50,,,0,,< 500,0,0,0,0,0,< 100,< 100,Ya,Tidak,Tidak,Tidak,Ya,kucing,Tidak,Memasang cctv,Ya,Tidak,,Ya,Tidak,,,16/02/2016
228,18/04/2016 22:39,9b247914fee7e3be00a9dc857b17c02fbcf4b73112f1dc3fe045eaf39431db81,3,,< 60,< 75,,,,< 100,< 700,,,< 100,< 150,,,,Tidak,Tidak,Tidak,Tidak,Ya,,Ya,Mengenakan denda,Tidak,Tidak,,Ya,Tidak,,,20/02/2016
229,19/04/2016 17:17,8207cc9ac3faf021e55c7f36511312be640ab338705081db38d18fd1f8b76b72,11,,< 20,< 75,,,,,< 500,,,,150 ke atas,,,,Tidak,Ya,Tidak,Tidak,Ya,lipas,Ya,Memasang cctv,Tidak,Tidak,,Ya,Tidak,,,20/02/2016
230,28/04/2016 22:01,4448b5fec4d4839f9af7316ea2813f32320158c85a4fff9c1a1543be2ff3f452,5,,< 40,< 75,,,0,< 150,< 800,< 150,< 150,0,0,0,0,0,Ya,Tidak,Tidak,Ya,Ya,lipas,Tidak,Memasang cctv,Tidak,Tidak,,Tidak,Tidak,,,24/02/2016
231,29/04/2016 0:36,f75bd83108f5fe11f3e3c4d34ec75e1da88bd9a8bc374e825265037263c40127,7,,< 20,< 50,,,0,200 ke atas,< 500,0,0,0,0,0,0,0,Tidak,Tidak,Tidak,Tidak,Ya,,Tidak,Mengenakan denda,Tidak,Tidak,,Ya,Tidak,,,27/02/2016
232,22/08/2016 15:33,5c482ee6c2386759be6b14976eed09a710c24e55712d8168c3d4f3430bc4245f,10,,< 40,< 75,,,0,200 ke atas,< 500,,,,,,,,Tidak,Tidak,Tidak,Ya,Ya,lipas,Ya,Memasang cctv,Ya,Tidak,,Ya,,,,15/02/2016
233,01/09/2016 14:41,1ae668ef4390757b2d8b8d1309ee7511a6dfa0fca51c99c28c2b446a5f2f3802,1,,< 40,< 50,,,0,< 50,< 500,< 150,< 150,0,0,0,0,0,Tidak,Tidak,Tidak,Tidak,Ya,lipas,Ya,Memasang cctv,Tidak,Tidak,,Ya,Tidak,,,09/06/2016
234,19/04/2016 18:13,c9315aa3bb830da66d18c498a776d99f09145d0673f315608d2f8471a23d6511,10,,< 40,< 75,,,,,< 500,,,,,150 ke atas,,,,Ya,Tidak,Tidak,Ya,lipas,Tidak,Memasang cctv,Tidak,Tidak,,Ya,Tidak,,,24/02/2016
235,28/04/2016 22:12,ab208c6c214d3c88b3840f0cff51dd15d783be201e51236904936fae87de9632,6,,80 ke atas,< 125,,,0,< 50,< 500,< 100,< 100,,< 100,< 100,,150 ke atas,Tidak tahu,Tidak,Tidak,Ya,Ya,,Tidak,Memasang cctv,Tidak,Ya,Ragut,Tidak,Tidak,,,22/02/2016
236,01/09/2016 11:58,8335c45430712f738da8971454a38e2c1a75ddeb3d431ae0ddfe2c628b0c2fd0,0,,< 20,< 50,,,0,< 100,< 600,< 100,,,,< 125,< 100,150 ke atas,Ya,Tidak,Tidak,Tidak,Tidak,,Ya,Memasang cctv,Tidak,Tidak,,Ya,Tidak,,,16/02/2016
237,29/04/2016 0:03,8ee304b6517f45a985a050c3656c27e8f7b3d05c4b67b4bc5ecc147c1c66b997,7,,< 60,< 75,,,0,< 150,< 500,0,0,0,0,0,0,0,,Ya,Tidak,Tidak,Ya,lipas,Tidak,Menyediakan tong sampah yang mencukupi disetiap tingkat,Tidak,Tidak,,Ya,Tidak,,,21/02/2016
238,01/09/2016 12:39,07c89a4d54dd18df693a2776d65e3280d055a076b7db1f21674bb16a099fe32a,1,,< 40,< 50,,,0,0,< 500,0,< 100,< 100,150 ke atas,< 100,0,< 150,Ya,Tidak,Tidak,Tidak,Ya,semut,Tidak,Memasang cctv,Tidak,Tidak,,Ya,Tidak,,,19/02/2016
239,19/04/2016 0:36,32ef71d6503abdce86b6561719860b54f8a6b4d6dd8d3148ef914e5126f958a7,16,,< 40,125 ke atas,,,150 ke atas,,800 ke atas,,,,,< 100,,,Tidak,Tidak,Tidak,Ya,Ya,lipas,Tidak,Mengenakan denda,Tidak,Tidak,,Ya,Tidak,,,02/03/2016
240,13/09/2016 15:01,59aa37c5bb62edfa9553a246f94ca0f83c47ef6d2fff3e6f3d75890502892c5b,2009,,< 60,< 50,,,0,< 100,< 500,0,0,0,0,0,0,0,Tidak,Tidak,Tidak,Tidak,Ya,lipas,Tidak,Mengenakan denda,Tidak,Tidak,,Ya,Tidak,,,02/06/2016
241,01/09/2016 13:16,fcea3f22e0ec3bab54a89fab2a8b25cd50d60336a6f234be2bc4765274484c22,10,,< 20,< 75,,,0,< 50,< 500,0,0,150 ke atas,150 ke atas,< 100,< 100,< 100,Ya,Tidak,Tidak,Tidak,Ya,"cicak, kucing, lipas",Tidak,Memasang cctv,Tidak,Tidak,,Tidak,Tidak,,,
242,19/04/2016 16:59,04d505432b50c1b34ad7084798512179a17d383cb14f641441b588ed4376360c,14,,< 20,< 50,,,,,800 ke atas,,,,,,,,,Tidak,Tidak,Tidak,Ya,lipas,Tidak,Memasang cctv,Tidak,Tidak,,Ya,Tidak,,,20/02/2016
243,13/09/2016 15:34,aa38fe736bca96325b2fa58e97d9618e161bf39b150f426b639022d2f230a8d2,,,< 20,< 50,,,0,< 50,< 500,0,0,0,0,0,0,0,Tidak,Ya,Tidak,Tidak,Ya,lipas,Tidak,Memasang cctv,Tidak,Tidak,,Ya,Tidak,,,04/03/2016
244,22/08/2016 16:32,78ce19a4689368525c3904e2bac3e8646faaea0419b8f9683acb6dbbec0f48da,0,,< 20,< 50,,,0,0,< 500,0,0,< 100,150 ke atas,150 ke atas,< 100,< 125,Ya,Tidak,Tidak,Ya,Ya,lipas,Tidak,Memasang cctv,Tidak,Tidak,,Ya,Ya,,,16/02/2016
245,26/04/2016 10:42,bc7e76cb6f2229b244e4fa8efb00f63b9af5848162025585c72b2425bc63f345,7,,,,,,,,< 500,< 100,< 100,,,,,,Tidak,Tidak,Tidak,Tidak,Ya,,Ya,Mengenakan denda,Tidak,Tidak,,Ya,Tidak,,,17/02/2016
246,28/04/2016 21:10,585778c6791b6fc8867af447b37f031435706773e34e37da15c21c6df512e3ca,8,,< 40,< 100,,,0,200 ke atas,< 500,< 100,< 125,< 100,< 100,< 125,< 150,< 150,Tidak tahu,Tidak,Tidak,Tidak,Tidak,lipas,Tidak,Mengenakan denda,Tidak,Tidak,,Tidak,Tidak,,,19/02/2016
247,13/09/2016 15:55,60b8175afe998f576bcea766ac9a237b9ee5e08ead6b3323416e06b007e37dcb,2005,,< 20,< 50,,,0,< 50,< 500,0,0,0,0,0,0,0,Tidak,Tidak,Tidak,Tidak,Ya,,Tidak,Memasang cctv,Tidak,Tidak,,Tidak,Tidak,,,03/03/2016
248,26/04/2016 10:44,3d18404175ea4b43bab557b17926eb6d4ab97c97fa9b651d1c7b9cd32b166857,11,,< 20,< 50,,,< 150,< 50,< 500,,,,,,,,Tidak tahu,Tidak,Tidak,Tidak,Ya,,Tidak,Tiada cadangan,Tidak,Tidak,,Ya,Tidak,,,18/02/2016
249,22/08/2016 15:41,653ca7c551478c4006a642bf2d0672ebcf538fa91f126da4945e967214ba35d7,6,,< 20,< 50,,,0,200 ke atas,800 ke atas,150 ke atas,150 ke atas,150 ke atas,< 150,150 ke atas,< 100,< 100,Ya,Tidak,Tidak,Tidak,Ya,lipas,Ya,Memasang cctv,Tidak,Tidak,,Ya,Tidak,,,15/02/2016
250,22/08/2016 14:03,b1a9ac531b8afe34159c566a568e9165b6d4022c28a67522a79f382ce4c1c3bf,4,,< 20,< 50,,,0,< 100,< 500,0,0,< 100,< 100,< 100,0,0,Tidak tahu,Tidak,Tidak,Tidak,Ya,lipas,Tidak,Memasang cctv,Tidak,Tidak,,Ya,,,,15/02/2016
251,26/04/2016 10:30,f1d6531436eedfae3ad0398fd5ee3c646c25ccfa10ceef57da9fc8b2a811b26a,14,,< 20,< 50,,,0,< 150,< 700,,,,< 100,150 ke atas,,< 100,Ya,Ya,Tidak,Ya,Ya,,Tidak,Memasang cctv,Tidak,Tidak,,Ya,Tidak,,,18/02/2016
252,26/04/2016 10:33,3416efd4ddf8f36660b8ceef088242d1341345133bbdd05ba8399766e80501f8,5,,< 40,< 125,,,0,< 100,< 700,< 125,< 100,< 100,,< 100,,,Tidak,Tidak,Tidak,Tidak,Ya,rumah banyak anai-anai perlukan perhatian segera. siling bocor bila hujan air masuk dalam bilik,Ya,Memasang cctv,Ya,Tidak,,Ya,Tidak,,,16/02/2016
253,19/04/2016 0:03,27362c7e4f6a7e13b4cf9bc079e7f76a6b0c90052008c72f0cfd4079c30bb499,10,,< 20,< 50,,,< 100,0,< 500,< 150,,< 100,,150 ke atas,,,,Tidak,Tidak,Tidak,Ya,lipas,Ya,Memasang cctv,Tidak,Tidak,,Ya,Tidak,,,23/02/2016
254,26/04/2016 10:15,75a1d4bb605ea4300aaa09fbcae77f913bd2f0af85434bed7e4b66cb78710207,14,,< 20,< 50,,,,< 50,< 600,,,,,150 ke atas,,,Tidak,Tidak,Tidak,Tidak,Ya,lipas dan semut,Tidak,Memasang cctv,Tidak,Tidak,,Ya,Tidak,,,18/02/2016
255,19/04/2016 17:25,367b1f19e96550f2db892d2a2b963da385c5d69994ccfbe482702989d595fb72,9,,< 20,< 50,,,,< 50,< 500,,,< 100,< 100,,,,Tidak,Tidak,Tidak,Tidak,Ya,lipas,Ya,Memasang cctv,Ya,Tidak,,Ya,Tidak,,,24/02/2016
256,19/04/2016 16:44,650087a30c6c0ba32375d3b84248d6c2fefa8bdbaae3fece15c6d11828a31963,5,,< 20,< 50,,,,,< 500,,,< 100,,< 100,,,Tidak,Tidak,Tidak,Tidak,Ya,"lubang sinki dari rumah atas pecah, sudah buat aduan tapi disuruh repair sendiri",Tidak,Mengenakan denda,Tidak,Tidak,,Ya,Tidak,,,20/02/2016
257,28/04/2016 21:26,6c94668232342216b98571c414619a358291a0efb359c132d6901f6518d62771,7,,80 ke atas,< 50,,,0,< 100,< 800,0,0,< 100,0,< 125,< 100,< 150,Ya,Tidak,Tidak,Ya,Tidak,"pijat, lipas, lebah",Tidak,Memasang cctv,Tidak,Tidak,,Ya,Tidak,,,17/02/2016
258,19/04/2016 17:41,585c6f04129826a1ce103ac4394811e98f2672c493f8c408bff08631372b1db1,12,,< 20,< 50,,,,< 50,< 500,,,,,,,,,Tidak,Tidak,Tidak,Ya,,Tidak,Memasang cctv,Tidak,Tidak,,Ya,Tidak,,,24/02/2016
259,19/04/2016 17:27,c7a67311a15b29256b8ecf26fa682fc82d9b981da3fa9f1cc929cb8d244ab331,12,,< 20,< 50,,,150 ke atas,,< 600,,,,150 ke atas,,,,,Ya,Tidak,Tidak,Ya,lipas,Tidak,Memasang cctv,Tidak,Tidak,,Tidak,Tidak,,,24/02/2016
260,01/09/2016 11:49,0f10ab6ad3ba2fc8608124638679e8d1f26ce08f2f2c3911ae4b4d2aa8f8b06d,15,,< 20,< 75,,,0,200 ke atas,800 ke atas,< 100,< 100,0,< 100,< 100,0,< 100,Tidak tahu,Tidak,Tidak,Tidak,Ya,lipas,Tidak,Memasang cctv,Tidak,Tidak,,Tidak,Tidak,,,17/02/2016
261,19/04/2016 18:32,8118aecabadf77b842e19235c7c513cbb70e9c54802ad0c61f0ad3ed69ce1ccf,6,,< 20,< 75,,,,,< 800,,,,,150 ke atas,,,Tidak,Tidak,Tidak,Tidak,Ya,lipas,Tidak,Memasang cctv,Tidak,Tidak,,Ya,Tidak,,,22/02/2016
262,01/09/2016 13:55,0bf0e63fd6140f90002f0c97cb65ce4572dc53f6884c1ffde147bc80c1ded44e,10,,< 20,< 50,,,0,< 50,< 500,0,0,0,< 100,0,0,< 100,Ya,Tidak,Tidak,Tidak,Ya,lipas,Tidak,Memasang cctv,Tidak,Tidak,,Ya,Tidak,,,
263,26/04/2016 12:54,2e07627269b4a5512cfcc4e7802f869013860244d4454d2daa7663bd4d71a121,11,,< 20,< 75,,,,< 100,< 500,,,,,,,,,Tidak,Tidak,Tidak,Ya,lipas,Ya,Mengenakan denda,Tidak,Tidak,,Ya,,,,15/02/2016
264,29/04/2016 0:01,2d44c13e3087a68d44eb962c9a201e3a4e41ec4c6777e042170ccbcc4b976114,0,,< 20,< 50,,,0,< 50,< 500,0,0,0,0,0,0,0,Tidak,Tidak,Tidak,Tidak,Tidak,,Ya,Menyediakan tong sampah yang mencukupi disetiap tingkat,Tidak,Tidak,,Ya,Tidak,,,21/02/2016
265,26/04/2016 13:00,742173946a58bcd58d8d9e7164694d370133f8d80cbfe1965f9194749eb7da4e,0,,< 40,< 100,,,,,< 500,,,,,,,,,Tidak,Tidak,Tidak,Ya,,Tidak,Memasang cctv,Tidak,Tidak,,Ya,Tidak,,,17/02/2016
266,26/04/2016 10:49,7ee1d45e7d4254aa6f0c713df46620023ffbe6bc7800e3ecd806cc8f4d8c9bd6,13,,< 40,< 75,,,,< 50,< 500,< 125,< 150,< 100,< 125,,,,Tidak,Tidak,Tidak,Tidak,Ya,banyak lipas,Ya,,Tidak,Tidak,,Ya,Tidak,,,18/02/2016
267,22/08/2016 14:46,d8b7025dc04257958e90887640aaa6620ce64bc1868d6826ba6811a674ae7622,12,,< 40,< 75,,,0,< 150,< 600,,,150 ke atas,150 ke atas,150 ke atas,150 ke atas,150 ke atas,Ya,Tidak,Tidak,Ya,Ya,lipas dan tikus,Tidak,Memasang cctv,Tidak,Tidak,,Ya,,,,16/02/2016
268,13/09/2016 15:32,f816c69efc25e8a53b5bde3dfe17de4c6f211dafd2c6dc1e2627ceab18ab4614,2007,,< 20,< 125,,,0,200 ke atas,< 600,< 100,< 100,< 100,< 125,0,0,0,Tidak,Ya,Tidak,Ya,Ya,"lipas, semut",Tidak,Memasang cctv,Tidak,Tidak,,Ya,Tidak,,,04/03/2016
269,26/04/2016 10:40,1a2e7b12972d583c3264f837f6743acca7afded5c44a1fc2a9c2cad2a1f8b04b,3,,< 40,< 75,,,0,,< 800,< 150,< 150,,,,,,Tidak,Tidak,Tidak,Tidak,Ya,,Tidak,Memasang cctv,Tidak,Tidak,,Ya,Tidak,,,17/02/2016
270,22/08/2016 16:22,b94ae26afe3483529539ecdf1f539953c7d36ff719f7383e2c3ca17b21a0298d,14,,< 20,< 75,,,< 100,< 150,< 700,,,,150 ke atas,150 ke atas,< 100,150 ke atas,Tidak,Tidak,Tidak,Tidak,Ya,,Ya,Menyediakan tong sampah yang mencukupi disetiap tingkat,Tidak,Tidak,,Ya,Tidak,,,16/02/2016
271,28/04/2016 22:04,714e213f2aaa8d6b9080391b9e5492fed539da5b35707754a538a4139c460c24,5,,,< 50,,,0,0,< 500,0,0,0,0,0,0,0,,Tidak,Tidak,Tidak,Ya,tiada,Ya,Memasang cctv,Ya,,,Ya,,,,18/02/2016
272,28/04/2016 21:20,af974f01f29fc3a99d149ba8368274fb5157b50777d29ddc34cad16c4d165c73,11,,< 20,< 50,,,< 125,< 150,< 800,,,150 ke atas,150 ke atas,150 ke atas,150 ke atas,150 ke atas,Tidak tahu,Tidak,Tidak,Tidak,Ya,,Ya,Menyediakan tong sampah yang mencukupi disetiap tingkat,Tidak,Tidak,,Ya,Tidak,,,17/02/2016
273,26/04/2016 12:49,0793b9de843d3c9fbda214444007755df8deecbe121f1f989fbce13d693df000,19,,< 20,< 75,,,0,< 50,< 800,,,,< 100,< 100,,< 100,Tidak,Tidak,Tidak,Tidak,Tidak,,Ya,Mengenakan denda,Tidak,Tidak,,Tidak,Tidak,,,18/02/2016
274,22/08/2016 16:01,1e3cd5a5963a6a1d30778cbd47734a44e3b7b5e5a4a15dd4785357b5eda23d74,9,,< 20,< 75,,,< 100,200 ke atas,< 500,< 100,< 100,,150 ke atas,0,0,0,Tidak tahu,Tidak,Tidak,Tidak,Tidak,masalah tikus,Ya,Memasang cctv,Tidak,Tidak,,Tidak,,,,15/02/2016
275,01/09/2016 12:11,2ec939ae480044b6f3f03e15941faf20bb301415216f6b7fd21edb93d3908d6f,10,,< 20,< 50,,,0,0,< 500,,,,,,,,Tidak tahu,Tidak,Tidak,Tidak,Ya,,Ya,Memasang cctv,Tidak,Tidak,,Ya,Tidak,,,17/02/2016
276,01/09/2016 13:45,7ca27313d6dc43a8c5bc71f0f855f16907dbf11408cb5f083b2ef22eb8d06027,10,,< 40,< 75,,,0,< 150,< 500,< 100,,,< 100,,< 100,< 100,Ya,Tidak,Tidak,Tidak,Ya,lipas,Tidak,Memasang cctv,Tidak,Tidak,,Ya,Tidak,,,
277,26/04/2016 10:28,2f7286fbe1f55f174b567bf08d01cd594f1d3650e807e15ab306c35f00d3d874,15,,< 20,< 50,,,,< 100,< 600,,,< 100,,150 ke atas,,,Tidak,Tidak,Tidak,Tidak,Ya,bubuh racun,Tidak,Memasang cctv,Tidak,Tidak,,Ya,,,,16/02/2016
278,28/04/2016 23:50,4fae76d7b26851ff9663e76780bdd4ff41c64b65a4f1d86f6311ebb6507a9d97,14,,< 20,< 75,,,0,200 ke atas,< 500,0,0,0,< 100,150 ke atas,< 125,< 150,Tidak tahu,Tidak,Tidak,Ya,Ya,"lipas, semut, anai-anai",Tidak,Memasang cctv,Tidak,Tidak,,Ya,Tidak,,,18/02/2016
279,13/09/2016 15:52,a2088726b1723ca5f4ae6183c1595b68deaa76a923abc77b996cd585d7858b3d,2014,,< 20,< 50,,,0,< 50,< 500,150 ke atas,150 ke atas,0,0,0,0,0,Tidak,Tidak,Tidak,Ya,Ya,lipas,Tidak,Memasang cctv,Tidak,Tidak,,Tidak,Tidak,,,03/03/2016
280,26/04/2016 12:25,0b14fd4495a68995d6ff51f2cf70ee1f715517fa11bd5f011ae58aa3f02c7fe3,12,,< 20,< 50,,,,< 50,800 ke atas,< 100,< 100,< 100,,150 ke atas,,,Tidak,Tidak,Tidak,Tidak,Ya,lipas,Tidak,Memasang cctv,Tidak,Tidak,,Tidak,Tidak,,,21/02/2016